F_id,F_version,F_created_at,F_updated_at,borocode,boroname,countyfips,nta2020,ntaname,ntaabbrev,ntatype,cdta2020,cdtaname,shape_leng,Shape_Length,Shape_Area,area_km2
row-9rke~8csg~x32h,rv-iaad~hgin.v282,2025-11-24T21:27:53.701Z,2025-11-24T21:27:53.701Z,3,Brooklyn,047,BK0101,Greenpoint,Grnpt,0,BK01,BK01 Williamsburg-Greenpoint (CD 1 Equivalent),28919.5611508,0.091898542821613,0.000349798739240,3.281529921409245
row-6kev-zxyi-52cf,rv-98sh-9jt9.2bdr,2025-11-24T21:27:53.701Z,2025-11-24T21:27:53.701Z,3,Brooklyn,047,BK0102,Williamsburg,Wllmsbrg,0,BK01,BK01 Williamsburg-Greenpoint (CD 1 Equivalent),28134.0826611,0.089364085830383,0.000285673383682,2.680535764498503
row-8yxz.4kik-hwrr,rv-gady.m6h7-vken,2025-11-24T21:27:53.701Z,2025-11-24T21:27:53.701Z,3,Brooklyn,047,BK0103,South Williamsburg,SWllmsbrg,0,BK01,BK01 Williamsburg-Greenpoint (CD 1 Equivalent),18250.2800908,0.061803032061546,0.000150558761777,1.412969583018401
row-qcbs_gztc_ygrg,rv-9tne-mmrz~t5xd,2025-11-24T21:27:53.701Z,2025-11-24T21:27:53.701Z,3,Brooklyn,047,BK0104,East Williamsburg,EWllmsbrg,0,BK01,BK01 Williamsburg-Greenpoint (CD 1 Equivalent),43184.8003755,0.138497115437962,0.000517491076271,4.855847739564011
row-97cj-vr4j.5jqt,rv-ucv6~gvar~a2pc,2025-11-24T21:27:53.701Z,2025-11-24T21:27:53.701Z,3,Brooklyn,047,BK0201,Brooklyn Heights,BkHts,0,BK02,BK02 Downtown Brooklyn-Fort Greene (CD 2 Approximation),14312.1922849,0.044413102281744,0.000098804716892,0.927372840866212
row-uzr2.hf8y_src6,rv-9wzy_i5wk~zfva,2025-11-24T21:27:53.701Z,2025-11-24T21:27:53.701Z,3,Brooklyn,047,BK0202,Downtown Brooklyn-DUMBO-Boerum Hill,DwntwnBk,0,BK02,BK02 Downtown Brooklyn-Fort Greene (CD 2 Approximation),30589.2394455,0.096348172986953,0.000234896995802,2.204742046343237
row-uucn-pny8_d7ni,rv-uqk2.5bw2~khh4,2025-11-24T21:27:53.701Z,2025-11-24T21:27:53.701Z,3,Brooklyn,047,BK0203,Fort Greene,FtGrn,0,BK02,BK02 Downtown Brooklyn-Fort Greene (CD 2 Approximation),23284.5901371,0.074924833810085,0.000173540839553,1.628943267366694
row-zavp~vjjw_w7sd,rv-8ety_mtip-9qw9,2025-11-24T21:27:53.701Z,2025-11-24T21:27:53.701Z,3,Brooklyn,047,BK0204,Clinton Hill,ClntnHl,0,BK02,BK02 Downtown Brooklyn-Fort Greene (CD 2 Approximation),18102.9682007,0.054876905248038,0.000144169392525,1.353291215256829
row-3t7n.33gv~q8zu,rv-j2cp-fk2z-38v4,2025-11-24T21:27:53.701Z,2025-11-24T21:27:53.701Z,3,Brooklyn,047,BK0261,Brooklyn Navy Yard,BkNvyYrd,6,BK02,BK02 Downtown Brooklyn-Fort Greene (CD 2 Approximation),39415.6419363,0.124518207568569,0.000100048525902,0.938966663690258
row-n8p3.csnm~y3wc,rv-xbsi-x95y-kfuh,2025-11-24T21:27:53.701Z,2025-11-24T21:27:53.701Z,3,Brooklyn,047,BK0301,Bedford-Stuyvesant (West),BdSty_W,0,BK03,BK03 Bedford-Stuyvesant (CD 3 Approximation),26307.6457389,0.082270453726697,0.000365274209052,3.428763021219105
row-aczq.vfpp_6f3j,rv-syra_9gtb_iwf4,2025-11-24T21:27:53.701Z,2025-11-24T21:27:53.701Z,3,Brooklyn,047,BK0302,Bedford-Stuyvesant (East),BdSty_E,0,BK03,BK03 Bedford-Stuyvesant (CD 3 Approximation),29753.9705547,0.094746153566581,0.000408640013667,3.835962356102785
row-fems.fu6y-cab9,rv-yaas.h457~f7s9,2025-11-24T21:27:53.701Z,2025-11-24T21:27:53.701Z,3,Brooklyn,047,BK0401,Bushwick (West),Bshwck_W,0,BK04,BK04 Bushwick (CD 4 Equivalent),23685.2333004,0.077760483745837,0.000229006811680,2.149263169670636
row-8jgg~ckxe.isda,rv-djf7-y6vi.mjwv,2025-11-24T21:27:53.701Z,2025-11-24T21:27:53.701Z,3,Brooklyn,047,BK0402,Bushwick (East),Bshwck_E,0,BK04,BK04 Bushwick (CD 4 Equivalent),27120.6703657,0.087032706392039,0.000276478670352,2.595167611431207
row-eqd5.8p4y-azd3,rv-fvry.u9rx-x53n,2025-11-24T21:27:53.701Z,2025-11-24T21:27:53.701Z,3,Brooklyn,047,BK0471,The Evergreens Cemetery,EvrgrnsCem,7,BK04,BK04 Bushwick (CD 4 Equivalent),10950.2093719,0.033641104540892,0.000055276141064,0.518902182398902
row-rsmz-yp2i-iafr,rv-75y5_kjch_djww,2025-11-24T21:27:53.701Z,2025-11-24T21:27:53.701Z,3,Brooklyn,047,BK0501,Cypress Hills,CyprssHls,0,BK05,BK05 East New York-Cypress Hills (CD 5 Approximation),31089.6609837,0.101010597444173,0.000241261321519,2.264891331251382
row-yj8i~rtys-ec2y,rv-5w99.cpcd-t96u,2025-11-24T21:27:53.701Z,2025-11-24T21:27:53.701Z,3,Brooklyn,047,BK0502,East New York (North),ENY_N,0,BK05,BK05 East New York-Cypress Hills (CD 5 Approximation),25634.3707218,0.083089379544431,0.000276134535726,2.592655734546124
row-66ki_rdmz~krs8,rv-krue_8eyw_2gvc,2025-11-24T21:27:53.701Z,2025-11-24T21:27:53.701Z,3,Brooklyn,047,BK0503,East New York-New Lots,ENY_NwLts,0,BK05,BK05 East New York-Cypress Hills (CD 5 Approximation),36564.9249151,0.119698519974659,0.000459601250388,4.316056440646436
row-hmj3.chcn_zjky,rv-5rb6-74s2_jbja,2025-11-24T21:27:53.701Z,2025-11-24T21:27:53.701Z,3,Brooklyn,047,BK0504,Spring Creek-Starrett City,SpCrk_StrC,0,BK05,BK05 East New York-Cypress Hills (CD 5 Approximation),33027.6834429,0.104382648944106,0.000267928969042,2.516410438029322
row-wgn2_vhv8.gja4,rv-m34g-6b9e~fv82,2025-11-24T21:27:53.701Z,2025-11-24T21:27:53.701Z,3,Brooklyn,047,BK0505,East New York-City Line,ENY_CtyLn,0,BK05,BK05 East New York-Cypress Hills (CD 5 Approximation),29722.6976164,0.090714259849705,0.000311965727064,2.929162566314726
row-bw8d~22cg.2aby,rv-danq~2kre.5e9k,2025-11-24T21:27:53.701Z,2025-11-24T21:27:53.701Z,3,Brooklyn,047,BK0571,Highland Park-Cypress Hills Cemeteries (South),CyHlsCem_S,7,BK05,BK05 East New York-Cypress Hills (CD 5 Approximation),15889.6701392,0.052494427161239,0.000080177501998,0.752605749078727
row-swak_8v4v~sh6s,rv-6cpk-2im4.63rq,2025-11-24T21:27:53.701Z,2025-11-24T21:27:53.701Z,3,Brooklyn,047,BK0601,Carroll Gardens-Cobble Hill-Gowanus-Red Hook,CrrllGrdns,0,BK06,BK06 Park Slope-Carroll Gardens (CD 6 Approximation),67164.9126388,0.211631453481204,0.000601769130684,5.649602279953843
row-r59y-3dw5-qcfs,rv-b3ep.wh3z_ucuv,2025-11-24T21:27:53.701Z,2025-11-24T21:27:53.701Z,3,Brooklyn,047,BK0602,Park Slope,PkSlp,0,BK06,BK06 Park Slope-Carroll Gardens (CD 6 Approximation),23539.0892526,0.073396477557189,0.000255597030435,2.399850112541115
row-5h4a~rjmb.2hf5,rv-z5uf.wywf~vdp5,2025-11-24T21:27:53.701Z,2025-11-24T21:27:53.701Z,3,Brooklyn,047,BK0701,Windsor Terrace-South Slope,WndsrTr,0,BK07,BK07 Sunset Park-Windsor Terrace (CD 7 Approximation),21233.3223789,0.067173795308204,0.000151474952878,1.422559194821427
row-trmr_qqhc-ep65,rv-zaux_2atq-jc32,2025-11-24T21:27:53.701Z,2025-11-24T21:27:53.701Z,3,Brooklyn,047,BK0702,Sunset Park (West),SnstPk_W,0,BK07,BK07 Sunset Park-Windsor Terrace (CD 7 Approximation),79869.4683041,0.255873216914539,0.000498348517710,4.680359190115616
row-qbe2-hwpy.c5q3,rv-fxrv_u68i~u7z6,2025-11-24T21:27:53.701Z,2025-11-24T21:27:53.701Z,3,Brooklyn,047,BK0703,Sunset Park (Central),SnstPk_C,0,BK07,BK07 Sunset Park-Windsor Terrace (CD 7 Approximation),24014.323113,0.076317874720096,0.000185487029781,1.742330583178676
row-sn62~jyas.7nzb,rv-mtfa~mzwu-sszt,2025-11-24T21:27:53.701Z,2025-11-24T21:27:53.701Z,3,Brooklyn,047,BK0771,Green-Wood Cemetery,GrnWdCem,7,BK07,BK07 Sunset Park-Windsor Terrace (CD 7 Approximation),18789.0222744,0.059964815606196,0.000208733454047,1.960408701024844
row-79ek_2pap~nwus,rv-tdja_3264.pfj7,2025-11-24T21:27:53.701Z,2025-11-24T21:27:53.701Z,3,Brooklyn,047,BK0801,Prospect Heights,PrspctHts,0,BK08,BK08 Crown Heights (North) (CD 8 Approximation),15043.8346947,0.048795497155002,0.000102012588085,0.957734334080136
row-p7na-prkh~u27a,rv-ndki_fjib-qxrj,2025-11-24T21:27:53.701Z,2025-11-24T21:27:53.701Z,3,Brooklyn,047,BK0802,Crown Heights (North),CrwnHts_N,0,BK08,BK08 Crown Heights (North) (CD 8 Approximation),30149.1121113,0.102058043165081,0.000350445512131,3.290302175257139
row-t3fe-8i29.z3p5,rv-efz4-epz6.2bpq,2025-11-24T21:27:53.701Z,2025-11-24T21:27:53.701Z,3,Brooklyn,047,BK0891,Lincoln Terrace Park,LclnTrPk,9,BK08,BK08 Crown Heights (North) (CD 8 Approximation),4568.61664414,0.014331096087452,0.000012017398519,0.112841967575641
row-pg37-tduq_87pu,rv-wtsg~uave_7qcd,2025-11-24T21:27:53.701Z,2025-11-24T21:27:53.701Z,3,Brooklyn,047,BK0901,Crown Heights (South),CrwnHts_S,0,BK09,BK09 Crown Heights (South) (CD 9 Approximation),24197.4189712,0.082182788298712,0.000198412055486,1.863069174592342
row-3278~fsyj.huna,rv-ebxn_57nr-n3sq,2025-11-24T21:27:53.701Z,2025-11-24T21:27:53.701Z,3,Brooklyn,047,BK0902,Prospect Lefferts Gardens-Wingate,PLG_Wngt,0,BK09,BK09 Crown Heights (South) (CD 9 Approximation),26322.4776125,0.088375970437637,0.000237813448873,2.233274655731437
row-fhhc~kq3g_3isv,rv-f6np-3u8z-dvcz,2025-11-24T21:27:53.701Z,2025-11-24T21:27:53.701Z,3,Brooklyn,047,BK1001,Bay Ridge,ByRdg,0,BK10,BK10 Bay Ridge-Dyker Heights (CD 10 Approximation),41302.1423703,0.124544313308397,0.000609460587486,5.726157576488246
row-v9s8_3qwg_x4cs,rv-bm43_utkr.wdm9,2025-11-24T21:27:53.701Z,2025-11-24T21:27:53.701Z,3,Brooklyn,047,BK1002,Dyker Heights,DykrHts,0,BK10,BK10 Bay Ridge-Dyker Heights (CD 10 Approximation),25001.4900026,0.078269457698467,0.000287919969829,2.705246227082061
row-2ta6.dt4h_a6ux,rv-gwuy-jbv5~88ps,2025-11-24T21:27:53.701Z,2025-11-24T21:27:53.701Z,3,Brooklyn,047,BK1061,Fort Hamilton,FtHmltn,6,BK10,BK10 Bay Ridge-Dyker Heights (CD 10 Approximation),16460.9559644,0.053579268806446,0.000083677026476,0.786398057351564
row-2eih.zvn8-rjaa,rv-gkp7_w6w6_zexh,2025-11-24T21:27:53.701Z,2025-11-24T21:27:53.701Z,3,Brooklyn,047,BK1091,Dyker Beach Park,DykrBchPk,9,BK10,BK10 Bay Ridge-Dyker Heights (CD 10 Approximation),14627.5083245,0.045767484753427,0.000098749605569,0.928009408132604
row-zyyk-8yda~zy8e,rv-88tr~bfyj~dzdz,2025-11-24T21:27:53.701Z,2025-11-24T21:27:53.701Z,3,Brooklyn,047,BK1101,Bensonhurst,Bnsnhrst,0,BK11,BK11 Bensonhurst-Bath Beach (CD 11 Approximation),33669.6207624,0.109142933862617,0.000480809929272,4.518319252560057
row-q3mz~czc3~inn2,rv-c5i9_7i6x-6uk2,2025-11-24T21:27:53.701Z,2025-11-24T21:27:53.701Z,3,Brooklyn,047,BK1102,Bath Beach,BthBch,0,BK11,BK11 Bensonhurst-Bath Beach (CD 11 Approximation),22422.3733635,0.072535158544492,0.000203200022712,1.909786642624276
row-etgq~gspa~yad8,rv-tjqq~43ap_a9x7,2025-11-24T21:27:53.701Z,2025-11-24T21:27:53.701Z,3,Brooklyn,047,BK1103,Gravesend (West),Grvsnd_W,0,BK11,BK11 Bensonhurst-Bath Beach (CD 11 Approximation),32872.7222703,0.106040937407669,0.000334428045437,3.143370453380542
row-3xx4~mz4y-x576,rv-cda6~d7km.3xpx,2025-11-24T21:27:53.701Z,2025-11-24T21:27:53.701Z,3,Brooklyn,047,BK1201,Sunset Park (East)-Borough Park (West),SnstPk_E,0,BK12,BK12 Borough Park-Kensington (CD 12 Approximation),15982.4798253,0.051330377853596,0.000116200924251,1.091532339416656
row-rpb6_2v4t~mtix,rv-74ke_h285.cvwp,2025-11-24T21:27:53.701Z,2025-11-24T21:27:53.701Z,3,Brooklyn,047,BK1202,Borough Park,BoroPk,0,BK12,BK12 Borough Park-Kensington (CD 12 Approximation),28481.0788717,0.090134101209668,0.000400319493336,3.760835200968727
row-rfnk_gvt9_74t7,rv-fhhr.9z5k-gkw9,2025-11-24T21:27:53.701Z,2025-11-24T21:27:53.701Z,3,Brooklyn,047,BK1203,Kensington,Knsngtn,0,BK12,BK12 Borough Park-Kensington (CD 12 Approximation),20316.7350369,0.063874123876909,0.000172793990893,1.623131408621520
row-kwwn~x349_gni4,rv-wn25~5qca_yrxp,2025-11-24T21:27:53.701Z,2025-11-24T21:27:53.701Z,3,Brooklyn,047,BK1204,Mapleton-Midwood (West),Mpltn,0,BK12,BK12 Borough Park-Kensington (CD 12 Approximation),27783.87638,0.087292043669194,0.000310020976992,2.913102889181429
row-z773~5bx2~tinz,rv-cfdq~4awr~8mdg,2025-11-24T21:27:53.701Z,2025-11-24T21:27:53.701Z,3,Brooklyn,047,BK1301,Gravesend (South),Grvsnd_S,0,BK13,BK13 Coney Island-Brighton Beach (CD 13 Approximation),36857.7904022,0.123164186941976,0.000255319143452,2.400206505104639
row-9m7q_ujwu-bu9e,rv-qhih_vdzw_ssw5,2025-11-24T21:27:53.701Z,2025-11-24T21:27:53.701Z,3,Brooklyn,047,BK1302,Coney Island-Sea Gate,CnyIsl,0,BK13,BK13 Coney Island-Brighton Beach (CD 13 Approximation),49219.5235304,0.162900199600037,0.000470216344007,4.421130609978991
row-m5cm-6uyc~5b3p,rv-2rfj.75st_nysy,2025-11-24T21:27:53.701Z,2025-11-24T21:27:53.701Z,3,Brooklyn,047,BK1303,Brighton Beach,BrghtnBch,0,BK13,BK13 Coney Island-Brighton Beach (CD 13 Approximation),16805.8968766,0.052997505212781,0.000134028706901,1.260143388347968
row-rajk~fbk3_vjhd,rv-g5n9~j7jf.2pu2,2025-11-24T21:27:53.701Z,2025-11-24T21:27:53.701Z,3,Brooklyn,047,BK1391,Calvert Vaux Park,ClvrtVxPk,9,BK13,BK13 Coney Island-Brighton Beach (CD 13 Approximation),11506.2399653,0.036241042482037,0.000041723832699,0.392258712341060
row-f4va_zabi.iwvx,rv-7ndp_ayku-kdcw,2025-11-24T21:27:53.701Z,2025-11-24T21:27:53.701Z,3,Brooklyn,047,BK1401,Flatbush,Fltbsh,0,BK14,BK14 Flatbush-Midwood (CD 14 Approximation),33235.6144971,0.102841969446884,0.000237602320581,2.231920519356411
row-es3c_28bc~5bzp,rv-s7pv_e9uj_m6tf,2025-11-24T21:27:53.701Z,2025-11-24T21:27:53.701Z,3,Brooklyn,047,BK1402,Flatbush (West)-Ditmas Park-Parkville,Fltbsh_W,0,BK14,BK14 Flatbush-Midwood (CD 14 Approximation),31252.1642991,0.096600749737979,0.000226516226698,2.127913081080020
row-zunn.8nws_34gx,rv-fzu2.tzk7~6ziy,2025-11-24T21:27:53.701Z,2025-11-24T21:27:53.701Z,3,Brooklyn,047,BK1403,Midwood,Mdwd,0,BK14,BK14 Flatbush-Midwood (CD 14 Approximation),25034.8510394,0.077982239435806,0.000318549249678,2.993192195868472
row-qjme-45a5~6eb9,rv-2e7h-suei.veyu,2025-11-24T21:27:53.701Z,2025-11-24T21:27:53.701Z,3,Brooklyn,047,BK1501,Gravesend (East)-Homecrest,Grvsnd_E,0,BK15,BK15 Sheepshead Bay-Gravesend (East) (CD 15 Approximation),31842.3450984,0.099509770756639,0.000344753428496,3.240431268562889
row-ym6h.48cs.as82,rv-nf2b-ye3m_f6bt,2025-11-24T21:27:53.701Z,2025-11-24T21:27:53.701Z,3,Brooklyn,047,BK1502,Madison,Mdsn,0,BK15,BK15 Sheepshead Bay-Gravesend (East) (CD 15 Approximation),26237.257237,0.083680578342884,0.000270639619084,2.543596938619133
row-y982_g7ug_uxhw,rv-83v5~ttmv_nw9f,2025-11-24T21:27:53.701Z,2025-11-24T21:27:53.701Z,3,Brooklyn,047,BK1503,Sheepshead Bay-Manhattan Beach-Gerritsen Beach,ShpshdBy,0,BK15,BK15 Sheepshead Bay-Gravesend (East) (CD 15 Approximation),91362.5383294,0.297177757413622,0.000626255311611,5.887278766406183
row-26t7~9eke-4q3j,rv-nhq4_7f65_3zd6,2025-11-24T21:27:53.701Z,2025-11-24T21:27:53.701Z,3,Brooklyn,047,BK1601,Ocean Hill,OcnHl,0,BK16,BK16 Ocean Hill-Brownsville (CD 16 Approximation),22493.7143049,0.071557430472159,0.000198796053932,1.866402265045356
row-ijpe.bme4~c49p,rv-8idf.spyq_b8a6,2025-11-24T21:27:53.701Z,2025-11-24T21:27:53.701Z,3,Brooklyn,047,BK1602,Brownsville,Brwnsvl,0,BK16,BK16 Ocean Hill-Brownsville (CD 16 Approximation),25719.2933705,0.080792324523291,0.000304583438234,2.860121688287184
row-wung-33xm.bq7t,rv-yuyx_7fys-gwyx,2025-11-24T21:27:53.701Z,2025-11-24T21:27:53.701Z,3,Brooklyn,047,BK1701,East Flatbush-Erasmus,EFb_Ersms,0,BK17,BK17 East Flatbush (CD 17 Approximation),21908.3882089,0.068070578740623,0.000195560297786,1.836784598307014
row-mp7z_jqzu.psup,rv-d2b9-rykx.dnvq,2025-11-24T21:27:53.701Z,2025-11-24T21:27:53.701Z,3,Brooklyn,047,BK1702,East Flatbush-Farragut,EFb_Frrgt,0,BK17,BK17 East Flatbush (CD 17 Approximation),23276.2088229,0.074459494193801,0.000238563474726,2.240999410138110
row-3ax6-yjgb-qrs6,rv-a8pc-buck_keb9,2025-11-24T21:27:53.701Z,2025-11-24T21:27:53.701Z,3,Brooklyn,047,BK1703,East Flatbush-Rugby,EFb_Rgby,0,BK17,BK17 East Flatbush (CD 17 Approximation),31994.4946123,0.101582010454468,0.000269106584980,2.527450561203353
row-rpgm~itzs~p222,rv-qyic-24k5~2uhk,2025-11-24T21:27:53.701Z,2025-11-24T21:27:53.701Z,3,Brooklyn,047,BK1704,East Flatbush-Remsen Village,EFb_RmsnVl,0,BK17,BK17 East Flatbush (CD 17 Approximation),22056.7575308,0.068754116738089,0.000181928822346,1.708558797489589
row-aww6_yvby.jvdj,rv-qymv.agjm~imcp,2025-11-24T21:27:53.701Z,2025-11-24T21:27:53.701Z,3,Brooklyn,047,BK1771,Holy Cross Cemetery,HlyCrssCem,7,BK17,BK17 East Flatbush (CD 17 Approximation),9226.10042944,0.030341812245119,0.000042299887033,0.397307543964630
row-qrgk~be82_str4,rv-arhg~h8xf-g5rw,2025-11-24T21:27:53.701Z,2025-11-24T21:27:53.701Z,3,Brooklyn,047,BK1801,Flatlands,Fltlnds,0,BK18,BK18 Canarsie-Flatlands (CD 18 Approximation),40597.2778136,0.124890899644213,0.000537287107474,5.048084684212651
row-7pwd~cewv~zadi,rv-kfw5-bdh3.kn8q,2025-11-24T21:27:53.701Z,2025-11-24T21:27:53.701Z,3,Brooklyn,047,BK1802,Marine Park-Mill Basin-Bergen Beach,MrnPk_MBsn,0,BK18,BK18 Canarsie-Flatlands (CD 18 Approximation),76294.7299278,0.239877498593400,0.000582023702320,5.469318441597257
row-38mm_9mrb~us78,rv-6kgr-7j7m~5mu4,2025-11-24T21:27:53.701Z,2025-11-24T21:27:53.701Z,3,Brooklyn,047,BK1803,Canarsie,Cnrsie,0,BK18,BK18 Canarsie-Flatlands (CD 18 Approximation),43865.676115,0.134641401585612,0.000697572332795,6.552781866946321
row-bsmj-rxqj_z55h,rv-2dee_z4wd~y9v8,2025-11-24T21:27:53.701Z,2025-11-24T21:27:53.701Z,3,Brooklyn,047,BK1891,Marine Park-Plumb Island,MrnPk_PIsl,9,BK18,BK18 Canarsie-Flatlands (CD 18 Approximation),95715.5508412,0.306935620859856,0.000430016667325,4.042143326211217
row-ti43-i8r6_qmw6,rv-pt3v-j8mb_takz,2025-11-24T21:27:53.701Z,2025-11-24T21:27:53.701Z,3,Brooklyn,047,BK1892,McGuire Fields,McGrFlds,9,BK18,BK18 Canarsie-Flatlands (CD 18 Approximation),24718.5816775,0.078418703912333,0.000104688394663,0.983801966414360
row-b3ud.3dyt~2rs6,rv-em4i~dziw_m5xp,2025-11-24T21:27:53.701Z,2025-11-24T21:27:53.701Z,3,Brooklyn,047,BK1893,Canarsie Park & Pier,CnrsiePk,9,BK18,BK18 Canarsie-Flatlands (CD 18 Approximation),24203.9926485,0.077919961392787,0.000114233814001,1.073225119949572
row-i5xu_awqf_a48q,rv-7iec~2d7b~e6vy,2025-11-24T21:27:53.701Z,2025-11-24T21:27:53.701Z,3,Brooklyn,047,BK5591,Prospect Park,PrspctPk,9,BK55,BK55 Prospect Park (JIA 55 Approximation),24199.6253408,0.074332688411252,0.000270361464801,2.538859631873218
row-xtcj.d8s2~by2r,rv-ydwp~294k_rwbr,2025-11-24T21:27:53.701Z,2025-11-24T21:27:53.701Z,3,Brooklyn,047,BK5691,Barren Island-Floyd Bennett Field,BrrnIsl,9,BK56,BK56 Jamaica Bay (West) (JIA 56 Approximation),44394.1592881,0.141920633399547,0.000540377335387,5.079594169026062
row-27gj-i4hi.tcf5,rv-a3zx~u4mp~bd47,2025-11-24T21:27:53.701Z,2025-11-24T21:27:53.701Z,3,Brooklyn,047,BK5692,Jamaica Bay (West),JmcaBy_W,9,BK56,BK56 Jamaica Bay (West) (JIA 56 Approximation),136901.84044,0.431862476733704,0.000392984177038,3.693157969741982
row-uf5c-xpt5.hbin,rv-mngz-2f7p.rqd8,2025-11-24T21:27:53.701Z,2025-11-24T21:27:53.701Z,3,Brooklyn,047,BK5693,Shirley Chisholm State Park,ShChshlmPk,9,BK56,BK56 Jamaica Bay (West) (JIA 56 Approximation),26521.9177648,0.083078446856301,0.000180850604860,1.698705817132086
row-c82n.ij4t-897s,rv-eqsp_cxj7.8eik,2025-11-24T21:27:53.701Z,2025-11-24T21:27:53.701Z,2,Bronx,005,BX0101,Mott Haven-Port Morris,MttHvn,0,BX01,BX01 Melrose-Mott Haven-Port Morris (CD 1 Approximation),29217.4141239,0.093226094583980,0.000406252500602,3.806730200512186
row-f4cd.3irn.6ib4,rv-j9ep-rgfr_4z5q,2025-11-24T21:27:53.701Z,2025-11-24T21:27:53.701Z,2,Bronx,005,BX0102,Melrose,Mlrs,0,BX01,BX01 Melrose-Mott Haven-Port Morris (CD 1 Approximation),19589.1961548,0.064349029352803,0.000171271776922,1.604621725629836
row-y7q8~abpa-59yt,rv-j9yw.98hc.atky,2025-11-24T21:27:53.701Z,2025-11-24T21:27:53.701Z,2,Bronx,005,BX0201,Hunts Point,HntsPt,0,BX02,BX02 Longwood-Hunts Point (CD 2 Approximation),37438.1262456,0.118515540755845,0.000446451837788,4.183205207764383
row-wa3g_ysp5.7e58,rv-vv8v-y8ad-2xsh,2025-11-24T21:27:53.701Z,2025-11-24T21:27:53.701Z,2,Bronx,005,BX0202,Longwood,Lngwd,0,BX02,BX02 Longwood-Hunts Point (CD 2 Approximation),21730.0007468,0.067862005660244,0.000152683811048,1.430416115718412
row-k792-4d4r.4vmb,rv-estb_b7k7.d7w6,2025-11-24T21:27:53.701Z,2025-11-24T21:27:53.701Z,2,Bronx,005,BX0291,North & South Brother Islands,BrthrIsls,9,BX02,BX02 Longwood-Hunts Point (CD 2 Approximation),7178.42290043,0.022169034416266,0.000009226011633,0.086461200041585
row-ws9g-xw63.55dw,rv-bi6g_r46m~9u6c,2025-11-24T21:27:53.701Z,2025-11-24T21:27:53.701Z,2,Bronx,005,BX0301,Morrisania,Mrrsnia,0,BX03,BX03 Morrisania-Crotona Park East (CD 3 Approximation),21889.2140046,0.070415839697081,0.000136975014605,1.283127956409124
row-n7ii_s5r8_e5p7,rv-hgmx-rwcz-7fpq,2025-11-24T21:27:53.701Z,2025-11-24T21:27:53.701Z,2,Bronx,005,BX0302,Claremont Village-Claremont (East),ClrmntVlg,0,BX03,BX03 Morrisania-Crotona Park East (CD 3 Approximation),16428.0643992,0.050651316093995,0.000099174921994,0.928889737240658
row-fj8x-vhcc~azyx,rv-ier2_pn8a~6h5i,2025-11-24T21:27:53.701Z,2025-11-24T21:27:53.701Z,2,Bronx,005,BX0303,Crotona Park East,CrtnaPkEst,0,BX03,BX03 Morrisania-Crotona Park East (CD 3 Approximation),20755.0573084,0.064642717956930,0.000158482690379,1.484496601729943
row-yn6w_5k3n~g5u8,rv-2srq~q4d5.69vz,2025-11-24T21:27:53.701Z,2025-11-24T21:27:53.701Z,2,Bronx,005,BX0391,Crotona Park,CrtnaPk,9,BX03,BX03 Morrisania-Crotona Park East (CD 3 Approximation),11725.2460281,0.037792355983421,0.000062885614029,0.588989195941252
row-9afb_cdpt_isz5,rv-yjdy_8g43~sffr,2025-11-24T21:27:53.701Z,2025-11-24T21:27:53.701Z,2,Bronx,005,BX0401,Concourse-Concourse Village,Cncrs,0,BX04,BX04 Highbridge-Concourse (CD 4 Approximation),29504.1863169,0.091541472035874,0.000262844293769,2.462241748322140
row-b2vm.27jm.bhx6,rv-kjgs-smhn.qqqb,2025-11-24T21:27:53.701Z,2025-11-24T21:27:53.701Z,2,Bronx,005,BX0402,Highbridge,Hghbrdg,0,BX04,BX04 Highbridge-Concourse (CD 4 Approximation),15723.4262679,0.047244679983676,0.000129424458944,1.212225159939162
row-qmqi~4seq.rkdf,rv-xk4k.46tp~z5pj,2025-11-24T21:27:53.701Z,2025-11-24T21:27:53.701Z,2,Bronx,005,BX0403,Mount Eden-Claremont (West),MtEdn,0,BX04,BX04 Highbridge-Concourse (CD 4 Approximation),21598.9595544,0.069389581237053,0.000134979931310,1.264191226139884
row-qbt9_xr5r-br6c,rv-e7zw~prp9~evh2,2025-11-24T21:27:53.701Z,2025-11-24T21:27:53.701Z,2,Bronx,005,BX0491,Yankee Stadium-Macombs Dam Park,YnkStdm,9,BX04,BX04 Highbridge-Concourse (CD 4 Approximation),9678.13206105,0.029671854402313,0.000027880098935,0.261159355553148
row-niyw.rau7_57hv,rv-e8pn_rdkj_hqd9,2025-11-24T21:27:53.701Z,2025-11-24T21:27:53.701Z,2,Bronx,005,BX0492,Claremont Park,ClrmntPk,9,BX04,BX04 Highbridge-Concourse (CD 4 Approximation),6257.33921463,0.019173268407245,0.000018471377954,0.172998835284705
row-4mn2~ifgx~8ui2,rv-cu83.6pia~zmmh,2025-11-24T21:27:53.701Z,2025-11-24T21:27:53.701Z,2,Bronx,005,BX0501,University Heights (South)-Morris Heights,UnvrsHts_S,0,BX05,BX05 Morris Heights-Mount Hope (CD 5 Approximation),21833.8722635,0.069183416702335,0.000194878412637,1.824878331260755
row-5k6g_3kqi~2nu9,rv-3cxz.zvr4.jihk,2025-11-24T21:27:53.701Z,2025-11-24T21:27:53.701Z,2,Bronx,005,BX0502,Mount Hope,MtHp,0,BX05,BX05 Morris Heights-Mount Hope (CD 5 Approximation),16278.235568,0.051768198950824,0.000125815098651,1.178191193548920
row-hpjp-8jgb~i39i,rv-w9sh_ftm3-6jbz,2025-11-24T21:27:53.701Z,2025-11-24T21:27:53.701Z,2,Bronx,005,BX0503,Fordham Heights,FrdhmHts,0,BX05,BX05 Morris Heights-Mount Hope (CD 5 Approximation),12917.280386,0.041375174337305,0.000073216724159,0.685545154017706
row-zxmu-8q5z.dkjx,rv-7unu~yztt.csmx,2025-11-24T21:27:53.701Z,2025-11-24T21:27:53.701Z,2,Bronx,005,BX0601,West Farms,WstFrms,0,BX06,BX06 Tremont-Belmont-West Farms (CD 6 Approximation),21993.6266611,0.068299755116511,0.000116072590360,1.087096794202582
row-gk5r~ggvz~n574,rv-jeus_egtw_p6wt,2025-11-24T21:27:53.701Z,2025-11-24T21:27:53.701Z,2,Bronx,005,BX0602,Tremont,Trmnt,0,BX06,BX06 Tremont-Belmont-West Farms (CD 6 Approximation),18324.1067374,0.057223878602517,0.000157034538957,1.470608867745595
row-6ygh.h4es~y5xc,rv-iwzq~nthn_kabn,2025-11-24T21:27:53.701Z,2025-11-24T21:27:53.701Z,2,Bronx,005,BX0603,Belmont,Blmnt,0,BX06,BX06 Tremont-Belmont-West Farms (CD 6 Approximation),19746.6538537,0.060249442437544,0.000162662233838,1.523069677319835
row-32rb_7drc.fip6,rv-zh7k.rigb-92r9,2025-11-24T21:27:53.701Z,2025-11-24T21:27:53.701Z,2,Bronx,005,BX0701,University Heights (North)-Fordham,UnvrsHts_N,0,BX07,BX07 Fordham-Bedford Park-Norwood (CD 7 Approximation),27360.6204704,0.086993783362694,0.000181725718257,1.701392298219117
row-t55e~r28c_nwvd,rv-v9ih.smu6-bjqq,2025-11-24T21:27:53.701Z,2025-11-24T21:27:53.701Z,2,Bronx,005,BX0702,Bedford Park,BdfrdPk,0,BX07,BX07 Fordham-Bedford Park-Norwood (CD 7 Approximation),20847.6055206,0.064781509575097,0.000243681635883,2.281144572140688
row-kpuf~sekq.fdui,rv-8sgj-ta8d.qt46,2025-11-24T21:27:53.701Z,2025-11-24T21:27:53.701Z,2,Bronx,005,BX0703,Norwood,Nrwd,0,BX07,BX07 Fordham-Bedford Park-Norwood (CD 7 Approximation),22139.0109332,0.067684784429955,0.000156031771748,1.460561799818293
row-3777.imws_a272,rv-bii4_jmz2~a85d,2025-11-24T21:27:53.701Z,2025-11-24T21:27:53.701Z,2,Bronx,005,BX0801,Kingsbridge Heights-Van Cortlandt Village,KngbrdgHts,0,BX08,BX08 Riverdale-Kingsbridge-Marble Hill (CD 8 Approximation),20471.1176868,0.064535902823776,0.000108878064201,1.019163364917728
row-dp3q~jatp_fq57,rv-nqad.vq7b.pv5g,2025-11-24T21:27:53.701Z,2025-11-24T21:27:53.701Z,2,Bronx,005,BX0802,Kingsbridge-Marble Hill,Kngbrdg,0,BX08,BX08 Riverdale-Kingsbridge-Marble Hill (CD 8 Approximation),19810.9594858,0.062206743498409,0.000122208628608,1.143891602214102
row-9872-vham~kb99,rv-zq3s.x5jc-pnjt,2025-11-24T21:27:53.701Z,2025-11-24T21:27:53.701Z,2,Bronx,005,BX0803,Riverdale-Spuyten Duyvil,Rvrdl,0,BX08,BX08 Riverdale-Kingsbridge-Marble Hill (CD 8 Approximation),37646.588373,0.113799691442782,0.000625277581295,5.851398934540365
row-rffg_x6hg~xm94,rv-pq5s_e5iq-d5cs,2025-11-24T21:27:53.701Z,2025-11-24T21:27:53.701Z,2,Bronx,005,BX0901,Soundview-Bruckner-Bronx River,Sdvw_BxRvr,0,BX09,BX09 Soundview-Parkchester (CD 9 Approximation),26836.620138,0.084355030029250,0.000319437552579,2.992262004161887
row-5spp.icpm_xu2m,rv-su64_zm8c.wfmm,2025-11-24T21:27:53.701Z,2025-11-24T21:27:53.701Z,2,Bronx,005,BX0902,Soundview-Clason Point,Sdvw_ClsPt,0,BX09,BX09 Soundview-Parkchester (CD 9 Approximation),40475.074276,0.128510970788733,0.000300688312466,2.817197473666194
row-cxi9_jka3~52bx,rv-kzcw_dtks-eqph,2025-11-24T21:27:53.701Z,2025-11-24T21:27:53.701Z,2,Bronx,005,BX0903,Castle Hill-Unionport,CstlHl,0,BX09,BX09 Soundview-Parkchester (CD 9 Approximation),42978.0972924,0.121582635856294,0.000326253796377,3.056342344902490
row-mp95_yxji~y39d,rv-27cj_fij8-b266,2025-11-24T21:27:53.701Z,2025-11-24T21:27:53.701Z,2,Bronx,005,BX0904,Parkchester,Pkchstr,0,BX09,BX09 Soundview-Parkchester (CD 9 Approximation),12411.8210178,0.039462829258668,0.000091100913437,0.853265004412157
row-e3h5_uu7d.wy42,rv-8ewy.gu53-466y,2025-11-24T21:27:53.701Z,2025-11-24T21:27:53.701Z,2,Bronx,005,BX0991,Soundview Park,SdvwPk,9,BX09,BX09 Soundview-Parkchester (CD 9 Approximation),18349.7752108,0.058759617622028,0.000077289618907,0.724135384048208
row-6pvj.nahp_kpyw,rv-f5m2-hxgn_9g5u,2025-11-24T21:27:53.701Z,2025-11-24T21:27:53.701Z,2,Bronx,005,BX1001,Westchester Square,WstchstrSq,0,BX10,BX10 Co-op City-Throgs Neck (CD 10 Approximation),25927.2069896,0.072842795754673,0.000152577026303,1.429060902839788
row-xt8b.x7d9.xvr2,rv-ebtt-c9tu-9847,2025-11-24T21:27:53.701Z,2025-11-24T21:27:53.701Z,2,Bronx,005,BX1002,Throgs Neck-Schuylerville,ThrgsNck,0,BX10,BX10 Co-op City-Throgs Neck (CD 10 Approximation),86866.7760205,0.278338740109738,0.000659279051795,6.176028301341723
row-z9jj~gtx2.v5kg,rv-h6ra.97pn~2nys,2025-11-24T21:27:53.701Z,2025-11-24T21:27:53.701Z,2,Bronx,005,BX1003,Pelham Bay-Country Club-City Island,PlhmBy,0,BX10,BX10 Co-op City-Throgs Neck (CD 10 Approximation),121142.083612,0.387780917773624,0.000350283374198,3.280425011118143
row-32tq-5wzh~f4g7,rv-m96d~r5m2~2ahk,2025-11-24T21:27:53.701Z,2025-11-24T21:27:53.701Z,2,Bronx,005,BX1004,Co-op City,CoopCty,0,BX10,BX10 Co-op City-Throgs Neck (CD 10 Approximation),25102.6493986,0.076658870575138,0.000288354490782,2.699384818372543
row-iydu~jzs8~fvr3,rv-qws4~ghnb~uzpa,2025-11-24T21:27:53.701Z,2025-11-24T21:27:53.701Z,2,Bronx,005,BX1071,Hart Island,HrtIsl,7,BX10,BX10 Co-op City-Throgs Neck (CD 10 Approximation),16969.5834675,0.051833567820478,0.000048666610019,0.455709926851570
row-zsdw~jdug-58fq,rv-c7wr-hxb8_6k34,2025-11-24T21:27:53.701Z,2025-11-24T21:27:53.701Z,2,Bronx,005,BX1091,Ferry Point Park-St. Raymond Cemetery,FrryPtPk,9,BX10,BX10 Co-op City-Throgs Neck (CD 10 Approximation),26872.2155,0.083862018986459,0.000215629757708,2.020254610381794
row-9vsy.q2g9-5nbc,rv-5a7h_ume9~9q5u,2025-11-24T21:27:53.701Z,2025-11-24T21:27:53.701Z,2,Bronx,005,BX1101,Pelham Parkway-Van Nest,PlhmPkwy,0,BX11,BX11 Pelham Parkway-Morris Park (CD 11 Approximation),22993.8198299,0.073475467230427,0.000154646661468,1.448225723143156
row-vc5d-3xkp_q22g,rv-r9yk-jiyr~sydv,2025-11-24T21:27:53.701Z,2025-11-24T21:27:53.701Z,2,Bronx,005,BX1102,Morris Park,MrrsPk,0,BX11,BX11 Pelham Parkway-Morris Park (CD 11 Approximation),24671.3982904,0.080122486943686,0.000276140119836,2.585830652615846
row-6sbr_czid~ibws,rv-86ze~cq9x_hn3d,2025-11-24T21:27:53.701Z,2025-11-24T21:27:53.701Z,2,Bronx,005,BX1103,Pelham Gardens,PlhmGrdns,0,BX11,BX11 Pelham Parkway-Morris Park (CD 11 Approximation),24342.8950429,0.080266018597070,0.000298328407612,2.793089063000243
row-fxmx-9xqx~6swf,rv-qbsq~27s7_u62h,2025-11-24T21:27:53.701Z,2025-11-24T21:27:53.701Z,2,Bronx,005,BX1104,Allerton,Allrtn,0,BX11,BX11 Pelham Parkway-Morris Park (CD 11 Approximation),17837.9372831,0.055804465842706,0.000156328344942,1.463623595211902
row-3mga.x3bd-jrit,rv-6w27-a8kw~smjh,2025-11-24T21:27:53.701Z,2025-11-24T21:27:53.701Z,2,Bronx,005,BX1161,Hutchinson Metro Center,HtchMtrCtr,6,BX11,BX11 Pelham Parkway-Morris Park (CD 11 Approximation),20672.7080791,0.064158042110964,0.000120850053459,1.131702736298067
row-vwub-uy7a~ffh2,rv-2yq5.snwu.xw56,2025-11-24T21:27:53.701Z,2025-11-24T21:27:53.701Z,2,Bronx,005,BX1201,Williamsbridge-Olinville,Wllmsbrdg,0,BX12,BX12 Wakefield-Williamsbridge-Eastchester (CD 12 Approximation),29370.8198317,0.092208873235703,0.000359723957814,3.367062833680708
row-zjww.ean3~vrws,rv-9smn.aaib.29x8,2025-11-24T21:27:53.701Z,2025-11-24T21:27:53.701Z,2,Bronx,005,BX1202,Eastchester-Edenwald-Baychester,Estchstr,0,BX12,BX12 Wakefield-Williamsbridge-Eastchester (CD 12 Approximation),54240.3767882,0.180906732353686,0.000559764550807,5.239427736236205
row-c878-symx_55e9,rv-bf47~ce9z.fkwx,2025-11-24T21:27:53.701Z,2025-11-24T21:27:53.701Z,2,Bronx,005,BX1203,Wakefield-Woodlawn,Wkfld_Wdln,0,BX12,BX12 Wakefield-Williamsbridge-Eastchester (CD 12 Approximation),39101.7261167,0.128742201442810,0.000393615305513,3.683360706816896
row-ha53~hh2v-8bzg,rv-kgdx-q9d3-4kzd,2025-11-24T21:27:53.701Z,2025-11-24T21:27:53.701Z,2,Bronx,005,BX1271,Woodlawn Cemetery,WdlnCem,7,BX12,BX12 Wakefield-Williamsbridge-Eastchester (CD 12 Approximation),18168.5900134,0.056627784889430,0.000177553617201,1.661714174484432
row-awmz.6nwr-8c3j,rv-v85b.refp_r67j,2025-11-24T21:27:53.701Z,2025-11-24T21:27:53.701Z,2,Bronx,005,BX2691,Van Cortlandt Park,VnCrtldtPk,9,BX26,BX26 Van Cortlandt Park (JIA 26 Equivalent),32864.1146664,0.104506312327372,0.000502933889360,4.706403616791873
row-bucd_5tx5-8mj7,rv-33qs-5nm7_eziy,2025-11-24T21:27:53.701Z,2025-11-24T21:27:53.701Z,2,Bronx,005,BX2791,Bronx Park,BxPk,9,BX27,BX27 Bronx Park (JIA 27 Approximation),32846.0120033,0.097857405454974,0.000332004020239,3.108672135757309
row-3uyd_ubq4_9z3u,rv-qnwp~xr3u.nm7h,2025-11-24T21:27:53.701Z,2025-11-24T21:27:53.701Z,2,Bronx,005,BX2891,Pelham Bay Park,PlhmByPk,9,BX28,BX28 Pelham Bay Park (JIA 28 Approximation),111082.661525,0.348114465567331,0.000985238052141,9.223707315014556
row-et2a_qd3v~ubbb,rv-j9pi~bzcs-rbct,2025-11-24T21:27:53.701Z,2025-11-24T21:27:53.701Z,1,Manhattan,061,MN0101,Financial District-Battery Park City,FiDi,0,MN01,MN01 Financial District-Tribeca (CD 1 Equivalent),44672.4863141,0.137345621987579,0.000190345852810,1.786237216423128
row-jgwf~nchn~t8i5,rv-qv88.ss3f_efhz,2025-11-24T21:27:53.701Z,2025-11-24T21:27:53.701Z,1,Manhattan,061,MN0102,Tribeca-Civic Center,TriBeCa,0,MN01,MN01 Financial District-Tribeca (CD 1 Equivalent),21219.504238,0.067559281602390,0.000134443945664,1.261472287747513
row-35m6~4fkt.ax64,rv-2evm_u8xd~sygk,2025-11-24T21:27:53.701Z,2025-11-24T21:27:53.701Z,1,Manhattan,061,MN0191,The Battery-Governors Island-Ellis Island-Liberty Island,Btry_GvIsl,9,MN01,MN01 Financial District-Tribeca (CD 1 Equivalent),49616.7910027,0.159368172206919,0.000118703824353,1.114213710939689
row-cvdc~gtk4.fepm,rv-zse5_tsck.ha5m,2025-11-24T21:27:53.701Z,2025-11-24T21:27:53.701Z,1,Manhattan,061,MN0201,SoHo-Little Italy-Hudson Square,SoHo,0,MN02,MN02 Greenwich Village-SoHo (CD 2 Equivalent),18577.1114381,0.060265594030115,0.000127906070220,1.200017568456637
row-hqgr.bbqt.szm9,rv-xs6i_xmmh-3znd,2025-11-24T21:27:53.701Z,2025-11-24T21:27:53.701Z,1,Manhattan,061,MN0202,Greenwich Village,GrnwchVlg,0,MN02,MN02 Greenwich Village-SoHo (CD 2 Equivalent),12974.0060903,0.040235828628744,0.000104980361677,0.984823955107992
row-6gjv-xvvr.674h,rv-xdfn-x2mn_9zkm,2025-11-24T21:27:53.701Z,2025-11-24T21:27:53.701Z,1,Manhattan,061,MN0203,West Village,WstVlg,0,MN02,MN02 Greenwich Village-SoHo (CD 2 Equivalent),23882.3960537,0.077553732135577,0.000142784463715,1.339383546193608
row-naws.6e3t~jz6g,rv-mvb5~d64c_drje,2025-11-24T21:27:53.701Z,2025-11-24T21:27:53.701Z,1,Manhattan,061,MN0301,Chinatown-Two Bridges,Chntwn,0,MN03,MN03 Lower East Side-Chinatown (CD 3 Equivalent),16461.541911,0.053115008263936,0.000114269801741,1.072251113649145
row-yww3_nrbn.88pp,rv-y4bb.hpzx_zfg3,2025-11-24T21:27:53.701Z,2025-11-24T21:27:53.701Z,1,Manhattan,061,MN0302,Lower East Side,LES,0,MN03,MN03 Lower East Side-Chinatown (CD 3 Equivalent),22960.7636789,0.064409579048066,0.000163104438211,1.530398360984391
row-te9a~c8g9.z4hp,rv-3fm4~vgs6.j72i,2025-11-24T21:27:53.701Z,2025-11-24T21:27:53.701Z,1,Manhattan,061,MN0303,East Village,EstVlg,0,MN03,MN03 Lower East Side-Chinatown (CD 3 Equivalent),22375.9305726,0.070476461765519,0.000187998714230,1.763744820124721
row-ipvc.xpr4-t3ew,rv-nze4-vy26~ydn4,2025-11-24T21:27:53.701Z,2025-11-24T21:27:53.701Z,1,Manhattan,061,MN0401,Chelsea-Hudson Yards,Chls_HdsYd,0,MN04,MN04 Chelsea-Hell's Kitchen (CD 4 Approximation),40095.2376454,0.130177773198954,0.000293932514405,2.756626606460762
row-fndy-w87p_9fqd,rv-hkxv-hi9n_cx3b,2025-11-24T21:27:53.701Z,2025-11-24T21:27:53.701Z,1,Manhattan,061,MN0402,Hell's Kitchen,HllsKtchn,0,MN04,MN04 Chelsea-Hell's Kitchen (CD 4 Approximation),35573.8350331,0.113665814316916,0.000182137827570,1.707793525691597
row-y4xz~72wa-88w3,rv-hmhb-kw7t_i7gg,2025-11-24T21:27:53.701Z,2025-11-24T21:27:53.701Z,1,Manhattan,061,MN0501,Midtown South-Flatiron-Union Square,MdtwnSth,0,MN05,MN05 Midtown-Flatiron-Union Square (CD 5 Approximation),18799.2520872,0.059342535736125,0.000147382003405,1.382321663005523
row-vf84~upz4_zt74,rv-msug.uxak-srd2,2025-11-24T21:27:53.701Z,2025-11-24T21:27:53.701Z,1,Manhattan,061,MN0502,Midtown-Times Square,Mdtwn_TmSq,0,MN05,MN05 Midtown-Flatiron-Union Square (CD 5 Approximation),21258.4019045,0.066867264589079,0.000243251349200,2.281032282450441
row-cbdp_qhdx_cvs4,rv-avrp-afsp.srbu,2025-11-24T21:27:53.701Z,2025-11-24T21:27:53.701Z,1,Manhattan,061,MN0601,Stuyvesant Town-Peter Cooper Village,StyTwn,0,MN06,MN06 East Midtown-Murray Hill (CD 6 Approximation),11962.9269609,0.034837637877740,0.000055217894819,0.517992058980630
row-ua7t.jwzu_vukc,rv-ke2n_d7ng_7ihp,2025-11-24T21:27:53.701Z,2025-11-24T21:27:53.701Z,1,Manhattan,061,MN0602,Gramercy,Grmrcy,0,MN06,MN06 East Midtown-Murray Hill (CD 6 Approximation),12095.3773915,0.038056665356371,0.000074539687365,0.699195494698654
row-63b3_ye57-e8xc,rv-36gq~8dv7~vk3a,2025-11-24T21:27:53.701Z,2025-11-24T21:27:53.701Z,1,Manhattan,061,MN0603,Murray Hill-Kips Bay,MryHl_KpBy,0,MN06,MN06 East Midtown-Murray Hill (CD 6 Approximation),26035.9635891,0.076172945006827,0.000156219279895,1.465203523672658
row-rsct~56ue.zw46,rv-2rvt.9n6n~nieq,2025-11-24T21:27:53.701Z,2025-11-24T21:27:53.701Z,1,Manhattan,061,MN0604,East Midtown-Turtle Bay,EstMdtwn,0,MN06,MN06 East Midtown-Murray Hill (CD 6 Approximation),16668.7861558,0.052970218269573,0.000130160860272,1.220582990205774
row-7whq.dzv8_b8t9,rv-2245_ucd8~a8re,2025-11-24T21:27:53.701Z,2025-11-24T21:27:53.701Z,1,Manhattan,061,MN0661,United Nations,UN,6,MN06,MN06 East Midtown-Murray Hill (CD 6 Approximation),5307.39139215,0.016560565806112,0.000010810300599,0.101382243262795
row-n8d7-ei5x~8ajj,rv-6xxg~s8pa-28up,2025-11-24T21:27:53.701Z,2025-11-24T21:27:53.701Z,1,Manhattan,061,MN0701,Upper West Side-Lincoln Square,UWS_LclnSq,0,MN07,MN07 Upper West Side (CD 7 Approximation),19952.4206278,0.064543416697387,0.000156550402730,1.467643860311800
row-4axu-57rr~zk9t,rv-rt87-g6gs.ak3f,2025-11-24T21:27:53.701Z,2025-11-24T21:27:53.701Z,1,Manhattan,061,MN0702,Upper West Side (Central),UWS_C,0,MN07,MN07 Upper West Side (CD 7 Approximation),24906.0097087,0.078298115209604,0.000251865082533,2.360759212873146
row-583k_nang.9u5z,rv-pqz3~cmum~iwd8,2025-11-24T21:27:53.701Z,2025-11-24T21:27:53.701Z,1,Manhattan,061,MN0703,Upper West Side-Manhattan Valley,UWS_MnVly,0,MN07,MN07 Upper West Side (CD 7 Approximation),14867.8730441,0.047897748311872,0.000130862456720,1.226378291111761
row-ppen~tv3s-spz7,rv-meqf_5dxc.6eew,2025-11-24T21:27:53.701Z,2025-11-24T21:27:53.701Z,1,Manhattan,061,MN0801,Upper East Side-Lenox Hill-Roosevelt Island,UES_LnxHl,0,MN08,MN08 Upper East Side-Roosevelt Island (CD 8 Equivalent),38425.3806097,0.119403511585055,0.000213040678284,1.997526796919461
row-tqdt~c5ju-iptb,rv-5dpx_k35b-58db,2025-11-24T21:27:53.701Z,2025-11-24T21:27:53.701Z,1,Manhattan,061,MN0802,Upper East Side-Carnegie Hill,UES_CrngHl,0,MN08,MN08 Upper East Side-Roosevelt Island (CD 8 Equivalent),23778.4102558,0.072504360251305,0.000198845216388,1.864156614316107
row-zfjq_xf86-tsgj,rv-qsef~si8u.x2n3,2025-11-24T21:27:53.701Z,2025-11-24T21:27:53.701Z,1,Manhattan,061,MN0803,Upper East Side-Yorkville,UES_Yrkvl,0,MN08,MN08 Upper East Side-Roosevelt Island (CD 8 Equivalent),18113.2939923,0.056453679118721,0.000135225157491,1.267675368339339
row-4jn6_exrb.yuut,rv-vkhq~swsc.gip9,2025-11-24T21:27:53.701Z,2025-11-24T21:27:53.701Z,1,Manhattan,061,MN0901,Morningside Heights,MrngsdHts,0,MN09,MN09 Morningside Heights-Hamilton Heights (CD 9 Equivalent),17757.8076596,0.055315663848756,0.000157874445233,1.479297169659233
row-46q2~ft5g.b2pv,rv-d87x-e3uz.zggt,2025-11-24T21:27:53.701Z,2025-11-24T21:27:53.701Z,1,Manhattan,061,MN0902,Manhattanville-West Harlem,Mnhttnvl,0,MN09,MN09 Morningside Heights-Hamilton Heights (CD 9 Equivalent),17357.2460682,0.054534295593005,0.000106449024819,0.997309781448646
row-m7xy~cvb9-92hn,rv-rv4w-4w6g.fwxs,2025-11-24T21:27:53.701Z,2025-11-24T21:27:53.701Z,1,Manhattan,061,MN0903,Hamilton Heights-Sugar Hill,HmltnHts,0,MN09,MN09 Morningside Heights-Hamilton Heights (CD 9 Equivalent),17103.2131521,0.054518642911336,0.000158518429711,1.484944236325918
row-m6sb-ub4s-uf6k,rv-2c97~8r4i-e7fj,2025-11-24T21:27:53.701Z,2025-11-24T21:27:53.701Z,1,Manhattan,061,MN1001,Harlem (South),Hrlm_S,0,MN10,MN10 Harlem (CD 10 Equivalent),16663.3393423,0.052990041028908,0.000143026453944,1.340272155091195
row-b5bb.3jr5.vk5z,rv-mxcz-tehf.pqyu,2025-11-24T21:27:53.701Z,2025-11-24T21:27:53.701Z,1,Manhattan,061,MN1002,Harlem (North),Hrlm_N,0,MN10,MN10 Harlem (CD 10 Equivalent),32470.1550555,0.078292009559829,0.000235939478250,2.210462602521514
row-p2hf-ye72~r4eh,rv-tjxs-pd8a_mxp4,2025-11-24T21:27:53.701Z,2025-11-24T21:27:53.701Z,1,Manhattan,061,MN1101,East Harlem (South),EstHrlm_S,0,MN11,MN11 East Harlem (CD 11 Equivalent),21636.7245234,0.059932565541029,0.000165075887738,1.547221598182379
row-n5aq.m5fn~497h,rv-pgp2-6ncb_i7w6,2025-11-24T21:27:53.701Z,2025-11-24T21:27:53.701Z,1,Manhattan,061,MN1102,East Harlem (North),EstHrlm_N,0,MN11,MN11 East Harlem (CD 11 Equivalent),37229.5260912,0.087593978300571,0.000258942581364,2.426596772152155
row-edc2~3nuh~u6e3,rv-bayn.vfch_kh2g,2025-11-24T21:27:53.701Z,2025-11-24T21:27:53.701Z,1,Manhattan,061,MN1191,Randall's Island,RndllsIsl,9,MN11,MN11 East Harlem (CD 11 Equivalent),28220.9641658,0.078751337515518,0.000232606960490,2.180144090139409
row-4cmn.aacr-9fj2,rv-aanu~jfy9-i5xr,2025-11-24T21:27:53.701Z,2025-11-24T21:27:53.701Z,1,Manhattan,061,MN1201,Washington Heights (South),WshHts_S,0,MN12,MN12 Washington Heights-Inwood (CD 12 Equivalent),22198.2608859,0.068843900085242,0.000208586735417,1.953563465796352
row-wx35-wqbk.mp2k,rv-y4ve~9f2n.is55,2025-11-24T21:27:53.701Z,2025-11-24T21:27:53.701Z,1,Manhattan,061,MN1202,Washington Heights (North),WshHts_N,0,MN12,MN12 Washington Heights-Inwood (CD 12 Equivalent),26731.5955312,0.083107341065168,0.000245799023718,2.301550521405100
row-p2r7.ir5d.6rnm,rv-es56-hb4f-krdn,2025-11-24T21:27:53.701Z,2025-11-24T21:27:53.701Z,1,Manhattan,061,MN1203,Inwood,Inwd,0,MN12,MN12 Washington Heights-Inwood (CD 12 Equivalent),23742.6967587,0.073067871351249,0.000143262882150,1.341257711853327
row-4km7_mjj6~b4je,rv-m93r-sqru.tt68,2025-11-24T21:27:53.701Z,2025-11-24T21:27:53.701Z,1,Manhattan,061,MN1291,Highbridge Park,HghbrdgPk,9,MN12,MN12 Washington Heights-Inwood (CD 12 Equivalent),27608.2158158,0.080854243910523,0.000076898172683,0.720145254800475
row-yagp-tzrp.ubcf,rv-n27m_6mj3_wf68,2025-11-24T21:27:53.701Z,2025-11-24T21:27:53.701Z,1,Manhattan,061,MN1292,Inwood Hill Park,InwdHlPk,9,MN12,MN12 Washington Heights-Inwood (CD 12 Equivalent),23769.6972557,0.065823390754811,0.000099318584335,0.929754276488181
row-ime5~ca64-rndk,rv-zded.srpq~ggsu,2025-11-24T21:27:53.701Z,2025-11-24T21:27:53.701Z,1,Manhattan,061,MN6491,Central Park,CntrlPk,9,MN64,MN64 Central Park (JIA 64 Equivalent),32721.0974785,0.099740435048449,0.000379714763729,3.559384321147676
row-czu8_iq6b_4w6j,rv-bz8a.ikae-xsna,2025-11-24T21:27:53.701Z,2025-11-24T21:27:53.701Z,4,Queens,081,QN0101,Astoria (North)-Ditmars-Steinway,Astr_N,0,QN01,QN01 Astoria-Queensbridge (CD 1 Equivalent),47392.9789879,0.148197619212547,0.000577784579732,5.416465159041295
row-mz6e.uf2a-emek,rv-a68i_6rx4~8e2c,2025-11-24T21:27:53.701Z,2025-11-24T21:27:53.701Z,4,Queens,081,QN0102,Old Astoria-Hallets Point,OldAstr,0,QN01,QN01 Astoria-Queensbridge (CD 1 Equivalent),15102.2622804,0.047798593337846,0.000109906761668,1.030406677765443
row-r5ae~7qhe~q7ts,rv-9amw~wrby.qcdd,2025-11-24T21:27:53.701Z,2025-11-24T21:27:53.701Z,4,Queens,081,QN0103,Astoria (Central),Astr_C,0,QN01,QN01 Astoria-Queensbridge (CD 1 Equivalent),21571.9915364,0.068233591324626,0.000208915644570,1.958869176131706
row-rjuj.xns4_njvb,rv-xfqh.m8pr_cmcm,2025-11-24T21:27:53.701Z,2025-11-24T21:27:53.701Z,4,Queens,081,QN0104,Astoria (East)-Woodside (North),Astr_E,0,QN01,QN01 Astoria-Queensbridge (CD 1 Equivalent),24360.9286823,0.079175227618336,0.000258014754507,2.419409685870646
row-4huq-hzf9.4nyf,rv-fyh2.bux8~mjci,2025-11-24T21:27:53.701Z,2025-11-24T21:27:53.701Z,4,Queens,081,QN0105,Queensbridge-Ravenswood-Dutch Kills,Qnsbrdg,0,QN01,QN01 Astoria-Queensbridge (CD 1 Equivalent),27093.7842312,0.087658184550611,0.000274650204659,2.575447925609034
row-kv2k.8hjz~vvh8,rv-xzrw~tesw~j36a,2025-11-24T21:27:53.701Z,2025-11-24T21:27:53.701Z,2,Bronx,005,QN0151,Rikers Island,RkrsIsl,5,QN01,QN01 Astoria-Queensbridge (CD 1 Equivalent),18897.4877455,0.061468029048168,0.000180044835415,1.687494361239083
row-ps45_7zis_g98j,rv-9nff~dia2.jssm,2025-11-24T21:27:53.701Z,2025-11-24T21:27:53.701Z,4,Queens,081,QN0161,Sunnyside Yards (North),SnnysdYd_N,6,QN01,QN01 Astoria-Queensbridge (CD 1 Equivalent),16111.6114779,0.056226854826095,0.000044582237567,0.418095893790279
row-vw4c.nv3i~njds,rv-eefc.6hyy-thqr,2025-11-24T21:27:53.701Z,2025-11-24T21:27:53.701Z,4,Queens,081,QN0171,St. Michael's Cemetery,StMchlCem,7,QN01,QN01 Astoria-Queensbridge (CD 1 Equivalent),8656.46241913,0.027248242716611,0.000043484195392,0.407725444745951
row-ggp3.n832~4b9u,rv-s5ca_puui_grye,2025-11-24T21:27:53.701Z,2025-11-24T21:27:53.701Z,4,Queens,081,QN0191,Astoria Park,AstrPk,9,QN01,QN01 Astoria-Queensbridge (CD 1 Equivalent),8570.89494423,0.027618553387712,0.000026509854950,0.248513483387362
row-zweg_pxrs-rctp,rv-ub4a_jwj6~iy8r,2025-11-24T21:27:53.701Z,2025-11-24T21:27:53.701Z,4,Queens,081,QN0201,Long Island City-Hunters Point,LIC,0,QN02,QN02 Long Island City-Sunnyside-Woodside (CD 2 Approximation),37374.7359056,0.121879105323917,0.000273347208896,2.563720649112720
row-m5k3~ghyr_qsun,rv-htfa-svrd_bxvk,2025-11-24T21:27:53.701Z,2025-11-24T21:27:53.701Z,4,Queens,081,QN0202,Sunnyside,Snnysd,0,QN02,QN02 Long Island City-Sunnyside-Woodside (CD 2 Approximation),34952.1550938,0.112809972609925,0.000472463228055,4.431684394293080
row-ts2p_yvax_npwv,rv-yzgs.9tkc.t8ew,2025-11-24T21:27:53.701Z,2025-11-24T21:27:53.701Z,4,Queens,081,QN0203,Woodside,Wdsd,0,QN02,QN02 Long Island City-Sunnyside-Woodside (CD 2 Approximation),31737.2242797,0.102039856927840,0.000326376965742,3.061189282554265
row-tvuq.n98s_ak2m,rv-9dvx.qfsm_vkyp,2025-11-24T21:27:53.701Z,2025-11-24T21:27:53.701Z,4,Queens,081,QN0261,Sunnyside Yards (South),SnnysdYd_S,6,QN02,QN02 Long Island City-Sunnyside-Woodside (CD 2 Approximation),22732.905944,0.077981036698608,0.000087009730565,0.816023666517650
row-q8dg.zvv4_2jy6,rv-zfed~dvim_eeg5,2025-11-24T21:27:53.701Z,2025-11-24T21:27:53.701Z,4,Queens,081,QN0271,Calvary & Mount Zion Cemeteries,ClvryCem,7,QN02,QN02 Long Island City-Sunnyside-Woodside (CD 2 Approximation),22214.0785922,0.069447470192740,0.000141544577672,1.327762943934336
row-a44j~73hp_nn64,rv-djm2-bkn9.t2py,2025-11-24T21:27:53.701Z,2025-11-24T21:27:53.701Z,4,Queens,081,QN0301,Jackson Heights,JcksnHts,0,QN03,QN03 Jackson Heights-East Elmhurst (CD 3 Approximation),27113.8071125,0.086737982205580,0.000389508689192,3.652649544591909
row-wvrr~kat7.ffpr,rv-i3uk.kr2n.ue39,2025-11-24T21:27:53.701Z,2025-11-24T21:27:53.701Z,4,Queens,081,QN0302,East Elmhurst,EstElmhrst,0,QN03,QN03 Jackson Heights-East Elmhurst (CD 3 Approximation),24418.5675844,0.081215486807787,0.000285002006017,2.672290892545548
row-7yht~bqwb.45va,rv-qgjy_bie8-56m2,2025-11-24T21:27:53.701Z,2025-11-24T21:27:53.701Z,4,Queens,081,QN0303,North Corona,NrthCrna,0,QN03,QN03 Jackson Heights-East Elmhurst (CD 3 Approximation),15547.7125587,0.051864334172557,0.000138313496464,1.297074275623981
row-iv87~bm4b~y3ur,rv-6ihk~47ea.anwi,2025-11-24T21:27:53.701Z,2025-11-24T21:27:53.701Z,4,Queens,081,QN0401,Elmhurst,Elmhrst,0,QN04,QN04 Elmhurst-Corona (CD 4 Approximation),31838.0546906,0.103891677499814,0.000417007818443,3.911458249393965
row-c89k_rqy3-dhm2,rv-iywf.c8q7-fgbe,2025-11-24T21:27:53.701Z,2025-11-24T21:27:53.701Z,4,Queens,081,QN0402,Corona,Crna,0,QN04,QN04 Elmhurst-Corona (CD 4 Approximation),22083.4236607,0.070782119419265,0.000237980661549,2.232088832190702
row-mb9h-mtd5-6wz5,rv-rktg.anpc.wvar,2025-11-24T21:27:53.701Z,2025-11-24T21:27:53.701Z,4,Queens,081,QN0501,Maspeth,Mspth,0,QN05,QN05 Ridgewood-Maspeth-Middle Village (CD 5 Approximation),53783.9659708,0.176483868773782,0.000577446585978,5.417654559027632
row-788v~5xx6-qjg2,rv-ywe7-p93c_8fw5,2025-11-24T21:27:53.701Z,2025-11-24T21:27:53.701Z,4,Queens,081,QN0502,Ridgewood,Rdgwd,0,QN05,QN05 Ridgewood-Maspeth-Middle Village (CD 5 Approximation),33457.7886359,0.111256129553288,0.000421223467610,3.952971914649992
row-a73j.s7ii-5uv9,rv-qap4-8bjf_259y,2025-11-24T21:27:53.701Z,2025-11-24T21:27:53.701Z,4,Queens,081,QN0503,Glendale,Glndl,0,QN05,QN05 Ridgewood-Maspeth-Middle Village (CD 5 Approximation),41557.487625,0.137586139136219,0.000297045708401,2.787713674008833
row-qcys-evci-rbax,rv-hxzr_2b2h-7hnk,2025-11-24T21:27:53.701Z,2025-11-24T21:27:53.701Z,4,Queens,081,QN0504,Middle Village,MddlVlg,0,QN05,QN05 Ridgewood-Maspeth-Middle Village (CD 5 Approximation),35018.3937272,0.113000004782208,0.000345998147833,3.246369360805835
row-6tyd~q8i3~v22f,rv-dq89-7ty5~hrzi,2025-11-24T21:27:53.701Z,2025-11-24T21:27:53.701Z,4,Queens,081,QN0571,Mount Olivet & All Faiths Cemeteries,MtOlvtCem,7,QN05,QN05 Ridgewood-Maspeth-Middle Village (CD 5 Approximation),19128.4475465,0.060858289689991,0.000075714057461,0.710417094168946
row-f34c-2xbg~2etn,rv-whhg_gkkv-vnfa,2025-11-24T21:27:53.701Z,2025-11-24T21:27:53.701Z,4,Queens,081,QN0572,Middle Village Cemetery,MddlVlgCem,7,QN05,QN05 Ridgewood-Maspeth-Middle Village (CD 5 Approximation),10370.4604998,0.034371118906242,0.000054565109364,0.512038666495217
row-zxzw_9s4e~j9cq,rv-5gj9~ucrc_3cbe,2025-11-24T21:27:53.701Z,2025-11-24T21:27:53.701Z,4,Queens,081,QN0573,St. John Cemetery,StJhnCem,7,QN05,QN05 Ridgewood-Maspeth-Middle Village (CD 5 Approximation),11694.1569622,0.036959877483900,0.000086674923123,0.813291666605386
row-g8xv.ainm_ugwz,rv-vtr6~g8i3~9r6r,2025-11-24T21:27:53.701Z,2025-11-24T21:27:53.701Z,4,Queens,081,QN0574,Highland Park-Cypress Hills Cemeteries (North),CyHlsCem_N,7,QN05,QN05 Ridgewood-Maspeth-Middle Village (CD 5 Approximation),33067.8242367,0.106815261213806,0.000309081403519,2.901113946042152
row-twvp~qrm7-8wfk,rv-xhqb~ba8u-9ncy,2025-11-24T21:27:53.701Z,2025-11-24T21:27:53.701Z,4,Queens,081,QN0601,Rego Park,RegoPk,0,QN06,QN06 Forest Hills-Rego Park (CD 6 Approximation),26496.2223988,0.082637909397427,0.000199969288839,1.876041311020988
row-7wb7~guhn_szug,rv-674s~4skz.e2r3,2025-11-24T21:27:53.701Z,2025-11-24T21:27:53.701Z,4,Queens,081,QN0602,Forest Hills,FrstHls,0,QN06,QN06 Forest Hills-Rego Park (CD 6 Approximation),36075.5951122,0.113226186788191,0.000573867848709,5.384206497129742
row-k8d4-9xdf-8jem,rv-yie8~gg4i~3ps8,2025-11-24T21:27:53.701Z,2025-11-24T21:27:53.701Z,4,Queens,081,QN0701,College Point,CllgPt,0,QN07,QN07 Flushing-Murray Hill-Whitestone (CD 7 Approximation),67457.4170399,0.212120772133929,0.000661158007719,6.197575816050351
row-26gw-yhge~epmz,rv-8mux.3jf3_3ejb,2025-11-24T21:27:53.701Z,2025-11-24T21:27:53.701Z,4,Queens,081,QN0702,Whitestone-Beechhurst,Whtstn,0,QN07,QN07 Flushing-Murray Hill-Whitestone (CD 7 Approximation),44452.5139882,0.140103114663987,0.000521738156255,4.890260291856308
row-ftks~kpw4.5e4g,rv-wkn4~6ftg~9q4f,2025-11-24T21:27:53.701Z,2025-11-24T21:27:53.701Z,4,Queens,081,QN0703,Bay Terrace-Clearview,ByTr_Clrvw,0,QN07,QN07 Flushing-Murray Hill-Whitestone (CD 7 Approximation),32939.9932327,0.103117294250685,0.000389696834530,3.652987825311757
row-nbwt.shqg~tf4v,rv-6naw.ad39~4vf8,2025-11-24T21:27:53.701Z,2025-11-24T21:27:53.701Z,4,Queens,081,QN0704,Murray Hill-Broadway Flushing,MryHl_BwyF,0,QN07,QN07 Flushing-Murray Hill-Whitestone (CD 7 Approximation),37469.2247349,0.121279780789561,0.000559390313207,5.244690882599751
row-digb.ib7y.96k9,rv-6rkd-fsse_7f4r,2025-11-24T21:27:53.701Z,2025-11-24T21:27:53.701Z,4,Queens,081,QN0705,East Flushing,EstFlshng,0,QN07,QN07 Flushing-Murray Hill-Whitestone (CD 7 Approximation),28376.4998965,0.093746244676206,0.000313649045497,2.941344271602174
row-vat3.84dc-mx8h,rv-vxmd.hrh3.z9eh,2025-11-24T21:27:53.701Z,2025-11-24T21:27:53.701Z,4,Queens,081,QN0706,Queensboro Hill,QnsboroHl,0,QN07,QN07 Flushing-Murray Hill-Whitestone (CD 7 Approximation),30839.6996673,0.102817990066103,0.000261772129339,2.455240921205536
row-xc3c.q6nk~m9em,rv-zds7-yuka-grjz,2025-11-24T21:27:53.701Z,2025-11-24T21:27:53.701Z,4,Queens,081,QN0707,Flushing-Willets Point,Flshng,0,QN07,QN07 Flushing-Murray Hill-Whitestone (CD 7 Approximation),30770.2718812,0.096324067302309,0.000381787483085,3.579994380664966
row-wrhs~funz~3wzh,rv-u5w7_cy2b_xg6k,2025-11-24T21:27:53.701Z,2025-11-24T21:27:53.701Z,4,Queens,081,QN0761,Fort Totten,FtTttn,6,QN07,QN07 Flushing-Murray Hill-Whitestone (CD 7 Approximation),14563.7361997,0.046655740606397,0.000068962891502,0.646359379544155
row-rq83-fy6f-vfk4,rv-932e.8grj.qfrw,2025-11-24T21:27:53.701Z,2025-11-24T21:27:53.701Z,4,Queens,081,QN0791,Kissena Park,KssnPk,9,QN07,QN07 Flushing-Murray Hill-Whitestone (CD 7 Approximation),15363.2560009,0.051284363160241,0.000109121150452,1.023447069531616
row-u4ga-fx9b_3dr4,rv-ymbj.64t6.9xu7,2025-11-24T21:27:53.701Z,2025-11-24T21:27:53.701Z,4,Queens,081,QN0801,Kew Gardens Hills,KwGrdnsHls,0,QN08,QN08 Fresh Meadows-Hillcrest-Briarwood (CD 8 Approximation),28291.7157144,0.088770548630010,0.000339708664566,3.187007562802917
row-7w9e.ztts~6w5q,rv-y4t2.rsrv~2zim,2025-11-24T21:27:53.701Z,2025-11-24T21:27:53.701Z,4,Queens,081,QN0802,Pomonok-Electchester-Hillcrest,Pmnk_Hlcst,0,QN08,QN08 Fresh Meadows-Hillcrest-Briarwood (CD 8 Approximation),28608.0405763,0.089495536560223,0.000366149646757,3.435044569486488
row-6bwm.i7b9-k52p,rv-73rt~fewz_jruj,2025-11-24T21:27:53.701Z,2025-11-24T21:27:53.701Z,4,Queens,081,QN0803,Fresh Meadows-Utopia,FrshMdws,0,QN08,QN08 Fresh Meadows-Hillcrest-Briarwood (CD 8 Approximation),28347.5477283,0.093246629608513,0.000328774061093,3.084045700560591
row-ikn7_4kvg.hcv5,rv-p8p4_6kvf.t89x,2025-11-24T21:27:53.701Z,2025-11-24T21:27:53.701Z,4,Queens,081,QN0804,Jamaica Estates-Holliswood,JmcaEstts,0,QN08,QN08 Fresh Meadows-Hillcrest-Briarwood (CD 8 Approximation),32386.246518,0.106801004729436,0.000390240910782,3.661400663687466
row-ecem.3d9d.vrvq,rv-jcyg.dd6a-zrz7,2025-11-24T21:27:53.701Z,2025-11-24T21:27:53.701Z,4,Queens,081,QN0805,Jamaica Hills-Briarwood,JmcaHls,0,QN08,QN08 Fresh Meadows-Hillcrest-Briarwood (CD 8 Approximation),29695.3237304,0.096820037754398,0.000273704920073,2.568348042446523
row-hfbi~262p-qy7j,rv-tiee_acqk-p77k,2025-11-24T21:27:53.701Z,2025-11-24T21:27:53.701Z,4,Queens,081,QN0871,Mount Hebron & Cedar Grove Cemeteries,MtHbrnCem,7,QN08,QN08 Fresh Meadows-Hillcrest-Briarwood (CD 8 Approximation),15876.2580695,0.048800037147699,0.000091207240190,0.855545404739415
row-vzar.tyve-s5b3,rv-b6mk-vgp7~vmi3,2025-11-24T21:27:53.701Z,2025-11-24T21:27:53.701Z,4,Queens,081,QN0891,Cunningham Park,CnnghmPk,9,QN08,QN08 Fresh Meadows-Hillcrest-Briarwood (CD 8 Approximation),28158.2100341,0.090329270027309,0.000211000811427,1.979309398704080
row-csbu.533q-m9yx,rv-8wkj_47sr~rxhk,2025-11-24T21:27:53.701Z,2025-11-24T21:27:53.701Z,4,Queens,081,QN0901,Kew Gardens,KwGrdns,0,QN09,QN09 Kew Gardens-Richmond Hill-Woodhaven (CD 9 Approximation),21653.2152453,0.070582005064252,0.000200821641559,1.884545064577720
row-zjrm.eb3u-mc9x,rv-h8ap_9x2s_429r,2025-11-24T21:27:53.701Z,2025-11-24T21:27:53.701Z,4,Queens,081,QN0902,Richmond Hill,RchmdHl,0,QN09,QN09 Kew Gardens-Richmond Hill-Woodhaven (CD 9 Approximation),26207.750938,0.086767210850094,0.000299625095840,2.812172603828063
row-4rmw_wz6y~eahx,rv-pxrp.dv96_73ev,2025-11-24T21:27:53.701Z,2025-11-24T21:27:53.701Z,4,Queens,081,QN0903,South Richmond Hill,SthRchmdHl,0,QN09,QN09 Kew Gardens-Richmond Hill-Woodhaven (CD 9 Approximation),21161.5684358,0.070483617052179,0.000156868331206,1.472443098333813
row-hte3~sdxj~a7wx,rv-5c3c-7iwh-vvac,2025-11-24T21:27:53.701Z,2025-11-24T21:27:53.701Z,4,Queens,081,QN0904,Ozone Park (North),OznPk_N,0,QN09,QN09 Kew Gardens-Richmond Hill-Woodhaven (CD 9 Approximation),24790.7563462,0.082559635339621,0.000179002709875,1.680375187779524
row-xvh8-8mr9_5fzy,rv-yvnd.u6uh.h9vg,2025-11-24T21:27:53.701Z,2025-11-24T21:27:53.701Z,4,Queens,081,QN0905,Woodhaven,Wdhvn,0,QN09,QN09 Kew Gardens-Richmond Hill-Woodhaven (CD 9 Approximation),21956.4208457,0.070798194342568,0.000234845494706,2.204370217709664
row-dent~dgrc_8bd9,rv-kzhn-b9kk.qd2b,2025-11-24T21:27:53.701Z,2025-11-24T21:27:53.701Z,4,Queens,081,QN1001,South Ozone Park,SthOznPk,0,QN10,QN10 South Ozone Park-Howard Beach (CD 10 Approximation),36690.0775064,0.116705605640356,0.000809803082775,7.602907865364808
row-umw5_zxp6_ubwv,rv-iaa7_dqni.w5aq,2025-11-24T21:27:53.701Z,2025-11-24T21:27:53.701Z,4,Queens,081,QN1002,Ozone Park,OznPk,0,QN10,QN10 South Ozone Park-Howard Beach (CD 10 Approximation),25097.1962488,0.081731984098344,0.000248448138599,2.332598988467241
row-aszr.7phv~9wcy,rv-8ktd-garx.pn5t,2025-11-24T21:27:53.701Z,2025-11-24T21:27:53.701Z,4,Queens,081,QN1003,Howard Beach-Lindenwood,HwrdBch,0,QN10,QN10 South Ozone Park-Howard Beach (CD 10 Approximation),73875.0828125,0.227909656490345,0.000520419324311,4.887168896783234
row-r4pr~dv3q-ydcf,rv-m3ig~rh8n.6tb5,2025-11-24T21:27:53.701Z,2025-11-24T21:27:53.701Z,4,Queens,081,QN1091,Spring Creek Park,SpCrkPk,9,QN10,QN10 South Ozone Park-Howard Beach (CD 10 Approximation),28395.9685894,0.090301171974517,0.000117197093758,1.100743742212740
row-s8uq~c293_eddc,rv-smmk-frts~v3ya,2025-11-24T21:27:53.701Z,2025-11-24T21:27:53.701Z,4,Queens,081,QN1101,Auburndale,Abrndl,0,QN11,QN11 Auburndale-Bayside-Douglaston (CD 11 Approximation),39268.992231,0.121378823087622,0.000549482435817,5.152836349285587
row-vgds_hjzu~smwy,rv-zr4c_eumu-85hi,2025-11-24T21:27:53.701Z,2025-11-24T21:27:53.701Z,4,Queens,081,QN1102,Bayside,Bysd,0,QN11,QN11 Auburndale-Bayside-Douglaston (CD 11 Approximation),41945.5003159,0.131691986919700,0.000697620181734,6.541385278767994
row-wkkk_nxrk_u98r,rv-kjmd-x7yx~svgv,2025-11-24T21:27:53.701Z,2025-11-24T21:27:53.701Z,4,Queens,081,QN1103,Douglaston-Little Neck,Dglstn,0,QN11,QN11 Auburndale-Bayside-Douglaston (CD 11 Approximation),51882.3063635,0.163264603375263,0.000675241760390,6.331368446670567
row-apjn-m8qg~fwbb,rv-5h75.nfzh~9xrz,2025-11-24T21:27:53.701Z,2025-11-24T21:27:53.701Z,4,Queens,081,QN1104,Oakland Gardens-Hollis Hills,OklndGrdns,0,QN11,QN11 Auburndale-Bayside-Douglaston (CD 11 Approximation),33891.0988063,0.110159779270449,0.000392569124191,3.682232789644461
row-vb9v.phge~33x3,rv-7qsi.e39x~9j82,2025-11-24T21:27:53.701Z,2025-11-24T21:27:53.701Z,4,Queens,081,QN1191,Alley Pond Park,AllyPndPk,9,QN11,QN11 Auburndale-Bayside-Douglaston (CD 11 Approximation),48184.4005105,0.152119421449362,0.000258881648182,2.427802513170705
row-jwqz.8npw.ebp3,rv-wsfx-5zzz_hwgr,2025-11-24T21:27:53.701Z,2025-11-24T21:27:53.701Z,4,Queens,081,QN1201,Jamaica,Jmca,0,QN12,QN12 Jamaica-St. Albans-Hollis (CD 12 Approximation),41775.4560623,0.135747543433716,0.000463580293777,4.350575832219044
row-mhwe~j9ax_pafk,rv-bnjr-mp3p~28uk,2025-11-24T21:27:53.701Z,2025-11-24T21:27:53.701Z,4,Queens,081,QN1202,South Jamaica,SthJmca,0,QN12,QN12 Jamaica-St. Albans-Hollis (CD 12 Approximation),33190.9473186,0.107802234919055,0.000374800705988,3.517908445629595
row-7mta_a7hd.h57m,rv-nm39.grsr-7ms8,2025-11-24T21:27:53.701Z,2025-11-24T21:27:53.701Z,4,Queens,081,QN1203,Baisley Park,BslyPk,0,QN12,QN12 Jamaica-St. Albans-Hollis (CD 12 Approximation),32461.2902092,0.103722847556713,0.000474493761320,4.454607307956830
row-teds-pgyd.39cx,rv-pqgj_r68b~tc3t,2025-11-24T21:27:53.701Z,2025-11-24T21:27:53.701Z,4,Queens,081,QN1204,Springfield Gardens (North)-Rochdale Village,SpfGrdns_N,0,QN12,QN12 Jamaica-St. Albans-Hollis (CD 12 Approximation),27779.4054352,0.090822428131861,0.000341022073357,3.201851543733555
row-i79e_5zm7.gnu7,rv-irkj-n66d_zcx3,2025-11-24T21:27:53.701Z,2025-11-24T21:27:53.701Z,4,Queens,081,QN1205,St. Albans,StAlbns,0,QN12,QN12 Jamaica-St. Albans-Hollis (CD 12 Approximation),41392.5382758,0.129763492592111,0.000735182677388,6.900590353273940
row-zgt4-49pg_afzp,rv-r7kj_jh8i-5x39,2025-11-24T21:27:53.701Z,2025-11-24T21:27:53.701Z,4,Queens,081,QN1206,Hollis,Hlls,0,QN12,QN12 Jamaica-St. Albans-Hollis (CD 12 Approximation),22923.759064,0.073316359038141,0.000242260220817,2.273283088170313
row-4pbn-tdhj-e9de,rv-qp2d_6frs_dcy2,2025-11-24T21:27:53.701Z,2025-11-24T21:27:53.701Z,4,Queens,081,QN1301,Glen Oaks-Floral Park-New Hyde Park,GlnOks,0,QN13,QN13 Queens Village-Bellerose-Rosedale (CD 13 Approximation),33404.1390593,0.101023953705675,0.000449927100472,4.219825883816277
row-8hsv_w2qh.mzx4,rv-pjrs.w54c_tayz,2025-11-24T21:27:53.701Z,2025-11-24T21:27:53.701Z,4,Queens,081,QN1302,Bellerose,Bllrs,0,QN13,QN13 Queens Village-Bellerose-Rosedale (CD 13 Approximation),32397.5769591,0.102602219037543,0.000547913702088,5.139629066520896
row-7ven.efjv-bpnd,rv-k44t-czxg-5frd,2025-11-24T21:27:53.701Z,2025-11-24T21:27:53.701Z,4,Queens,081,QN1303,Queens Village,QnsVlg,0,QN13,QN13 Queens Village-Bellerose-Rosedale (CD 13 Approximation),37292.3108773,0.116650264963547,0.000689676623709,6.471274552132617
row-fa9c-t647_spiq,rv-cmbk.a4z7.8byc,2025-11-24T21:27:53.701Z,2025-11-24T21:27:53.701Z,4,Queens,081,QN1304,Cambria Heights,CmbriaHts,0,QN13,QN13 Queens Village-Bellerose-Rosedale (CD 13 Approximation),26160.9866802,0.083187993505757,0.000327360425568,3.072628689388170
row-c4nb.q9y5~b6um,rv-b4re.ehga_s6fw,2025-11-24T21:27:53.701Z,2025-11-24T21:27:53.701Z,4,Queens,081,QN1305,Laurelton,Lrltn,0,QN13,QN13 Queens Village-Bellerose-Rosedale (CD 13 Approximation),30011.2806173,0.096054698389865,0.000394235708469,3.701332454440336
row-pjmq-4dm5~my7a,rv-g34h~qpj6-4utj,2025-11-24T21:27:53.701Z,2025-11-24T21:27:53.701Z,4,Queens,081,QN1306,Springfield Gardens (South)-Brookville,SpfGrdns_S,0,QN13,QN13 Queens Village-Bellerose-Rosedale (CD 13 Approximation),46029.1325731,0.155714682297337,0.000568223343450,5.336078026461656
row-k74b-9bzh~ceh3,rv-gxi4.crmy-365c,2025-11-24T21:27:53.701Z,2025-11-24T21:27:53.701Z,4,Queens,081,QN1307,Rosedale,Rsdl,0,QN13,QN13 Queens Village-Bellerose-Rosedale (CD 13 Approximation),55266.0269836,0.167909670021219,0.000467288628103,4.388291451188291
row-uf58_mdni_66m8,rv-gt8n~4qp8.q9rd,2025-11-24T21:27:53.701Z,2025-11-24T21:27:53.701Z,4,Queens,081,QN1371,Montefiore Cemetery,MntfrCem,7,QN13,QN13 Queens Village-Bellerose-Rosedale (CD 13 Approximation),11843.0837057,0.039500509267963,0.000052670687472,0.494433261155280
row-i9az.jxy6_hanb,rv-km6n_mz5a_x5fr,2025-11-24T21:27:53.701Z,2025-11-24T21:27:53.701Z,4,Queens,081,QN1401,Far Rockaway-Bayswater,FrRckwy,0,QN14,QN14 The Rockaways (CD 14 Approximation),48622.4860573,0.155502129747308,0.000597758114369,5.618274689300171
row-qzie~6z86~56gp,rv-j55a~8hvr_ybka,2025-11-24T21:27:53.701Z,2025-11-24T21:27:53.701Z,4,Queens,081,QN1402,Rockaway Beach-Arverne-Edgemere,RckwyBch,0,QN14,QN14 The Rockaways (CD 14 Approximation),67307.1100702,0.217425010239122,0.000499111878073,4.691807477981643
row-vdhh~h39y_xm5v,rv-e99s_3i3d_2au3,2025-11-24T21:27:53.701Z,2025-11-24T21:27:53.701Z,4,Queens,081,QN1403,Breezy Point-Belle Harbor-Rockaway Park-Broad Channel,BrzyPt,0,QN14,QN14 The Rockaways (CD 14 Approximation),104333.596537,0.341801936917626,0.000684092544086,6.431950480075090
row-h5tj-ptda_p4s9,rv-ayra_5mfg~cysz,2025-11-24T21:27:53.701Z,2025-11-24T21:27:53.701Z,4,Queens,081,QN1491,Rockaway Community Park,RckwyCPk,9,QN14,QN14 The Rockaways (CD 14 Approximation),21696.3677108,0.067594827328192,0.000088267191469,0.829594863254467
row-qwvt~qgbp~k787,rv-8unp-ngfu-p9j5,2025-11-24T21:27:53.701Z,2025-11-24T21:27:53.701Z,4,Queens,081,QN8081,LaGuardia Airport,LGA,8,QN80,QN80 LaGuardia Airport (JIA 80 Approximation),45928.7995297,0.130950316846127,0.000303160570366,2.842117589524216
row-ectz-zkbj_3wj6,rv-fmpz-jr8x_c945,2025-11-24T21:27:53.701Z,2025-11-24T21:27:53.701Z,4,Queens,081,QN8191,Flushing Meadows-Corona Park,FlshMdwCPk,9,QN81,QN81 Flushing Meadows-Corona Park (JIA 81 Approximation),61510.7659461,0.190716202789181,0.000546823829359,5.129021764111894
row-fgp4-raid.y2yv,rv-imia~ferc.23gj,2025-11-24T21:27:53.701Z,2025-11-24T21:27:53.701Z,4,Queens,081,QN8291,Forest Park,FrstPk,9,QN82,QN82 Forest Park (JIA 82 Approximation),29485.1239276,0.097930885560114,0.000237677371894,2.230602068165768
row-y2k2-3hnr_bxmx,rv-p8er-mnur_8ns9,2025-11-24T21:27:53.701Z,2025-11-24T21:27:53.701Z,4,Queens,081,QN8381,John F. Kennedy International Airport,JFK,8,QN83,QN83 JFK International Airport (JIA 83 Approximation),107123.911719,0.334713730566539,0.001950416588573,18.319559259775442
row-2myr-tp3v.qwhs,rv-nb35~buuh_j3fa,2025-11-24T21:27:53.701Z,2025-11-24T21:27:53.701Z,4,Queens,081,QN8491,Jamaica Bay (East),JmcaBy_E,9,QN84,QN84 Jamaica Bay (East) (JIA 84 Approximation),175420.883968,0.467207839901968,0.000691277081345,6.495794625421236
row-pjfv.ivkw-ns5d,rv-66ij-9dc9_9kmt,2025-11-24T21:27:53.701Z,2025-11-24T21:27:53.701Z,4,Queens,081,QN8492,Jacob Riis Park-Fort Tilden-Breezy Point Tip,JcbRsPk,9,QN84,QN84 Jamaica Bay (East) (JIA 84 Approximation),63381.1042486,0.209937408381587,0.000519930515196,4.889882007871530
row-wcrf.t37n_x7dz,rv-7drd.hgda_ix3e,2025-11-24T21:27:53.701Z,2025-11-24T21:27:53.701Z,5,Staten Island,085,SI0101,St. George-New Brighton,StGrg,0,SI01,SI01 North Shore (CD 1 Equivalent),31945.028276,0.106245816427793,0.000262182610438,2.462760643288381
row-c9h8_r5ry_d8t9,rv-m99v~w9na_k2mx,2025-11-24T21:27:53.701Z,2025-11-24T21:27:53.701Z,5,Staten Island,085,SI0102,Tompkinsville-Stapleton-Clifton-Fox Hills,Tkvl_Stptn,0,SI01,SI01 North Shore (CD 1 Equivalent),31620.254464,0.099485803980736,0.000239699479308,2.252103757285239
row-p9s6-dgax~hqwv,rv-i29z-mic6_9y66,2025-11-24T21:27:53.701Z,2025-11-24T21:27:53.701Z,5,Staten Island,085,SI0103,Rosebank-Shore Acres-Park Hill,Rsbnk_PkHl,0,SI01,SI01 North Shore (CD 1 Equivalent),35208.6948449,0.113285115069385,0.000348488469615,3.274929876503793
row-67q5.r5ba-cexx,rv-kzs8~4c72_gne7,2025-11-24T21:27:53.701Z,2025-11-24T21:27:53.701Z,5,Staten Island,085,SI0104,West New Brighton-Silver Lake-Grymes Hill,WstNwBrgtn,0,SI01,SI01 North Shore (CD 1 Equivalent),55177.8673975,0.175662053412804,0.000844052485898,7.930091438776910
row-iapw_k6rf_ujsw,rv-twwx.b7ta-ccrq,2025-11-24T21:27:53.701Z,2025-11-24T21:27:53.701Z,5,Staten Island,085,SI0105,Westerleigh-Castleton Corners,Wstrlgh,0,SI01,SI01 North Shore (CD 1 Equivalent),42608.1040117,0.141696326844118,0.000756617881585,7.109780302254777
row-dwrs_xdqx-5cqg,rv-5phj.ynss.7b68,2025-11-24T21:27:53.701Z,2025-11-24T21:27:53.701Z,5,Staten Island,085,SI0106,Port Richmond,PrtRchmnd,0,SI01,SI01 North Shore (CD 1 Equivalent),39708.1608207,0.127096474653132,0.000358351790867,3.366521520739700
row-ur77_s6qm.2zwf,rv-mpr4~s5rp-apuz,2025-11-24T21:27:53.701Z,2025-11-24T21:27:53.701Z,5,Staten Island,085,SI0107,Mariner's Harbor-Arlington-Graniteville,MrnrsHrbr,0,SI01,SI01 North Shore (CD 1 Equivalent),71332.7003512,0.221865297792860,0.000883948925945,8.304528943502065
row-n2gz_3si9.8w9y,rv-pu8i-fetr.9c5q,2025-11-24T21:27:53.701Z,2025-11-24T21:27:53.701Z,5,Staten Island,085,SI0191,Snug Harbor,SngHrbr,9,SI01,SI01 North Shore (CD 1 Equivalent),9028.40258177,0.028788575024845,0.000037270608348,0.350091998920645
row-wanf~64bh-qng5,rv-8uz4_7683.vsbn,2025-11-24T21:27:53.701Z,2025-11-24T21:27:53.701Z,5,Staten Island,085,SI0201,Grasmere-Arrochar-South Beach-Dongan Hills,Grsmr_SBch,0,SI02,SI02 Mid-Island (CD 2 Approximation),43110.1442808,0.138830369193803,0.000791773409034,7.442701079683501
row-x2e6~fbkf-9yg3,rv-re4h-h2w3_urzq,2025-11-24T21:27:53.701Z,2025-11-24T21:27:53.701Z,5,Staten Island,085,SI0202,New Dorp-Midland Beach,NwDrp_MBch,0,SI02,SI02 Mid-Island (CD 2 Approximation),49754.8656472,0.161476326493792,0.000614356944790,5.776613813897039
row-bnkt.7c5b.mm94,rv-fd7g-5jxz.irdt,2025-11-24T21:27:53.701Z,2025-11-24T21:27:53.701Z,5,Staten Island,085,SI0203,Todt Hill-Emerson Hill-Lighthouse Hill-Manor Heights,TdtHl,0,SI02,SI02 Mid-Island (CD 2 Approximation),71383.0338012,0.232484085918284,0.001841246346968,17.308777662797741
row-gucu.si8b~neh6,rv-vdd7.nnz5-d8wd,2025-11-24T21:27:53.701Z,2025-11-24T21:27:53.701Z,5,Staten Island,085,SI0204,New Springville-Willowbrook-Bulls Head-Travis,NwSprngvl,0,SI02,SI02 Mid-Island (CD 2 Approximation),91480.449569,0.284376729872944,0.002069708283641,19.452420627894728
row-dmt3_eqjt~jdhi,rv-6488_uzi6.m4mw,2025-11-24T21:27:53.701Z,2025-11-24T21:27:53.701Z,5,Staten Island,085,SI0291,Freshkills Park (North),FrshklPk_N,9,SI02,SI02 Mid-Island (CD 2 Approximation),44217.7663665,0.137056311418494,0.000673734921633,6.334131252399533
row-spam~7kww-chd7,rv-4fhs_dfuy-vvtr,2025-11-24T21:27:53.701Z,2025-11-24T21:27:53.701Z,5,Staten Island,085,SI0301,Oakwood-Richmondtown,Okwd_Rmtwn,0,SI03,SI03 South Shore (CD 3 Approximation),44192.9044817,0.142906397003468,0.000552581998549,5.196704015359526
row-v538-5mkq-w7pg,rv-3jnk~mhbb-gumy,2025-11-24T21:27:53.701Z,2025-11-24T21:27:53.701Z,5,Staten Island,085,SI0302,Great Kills-Eltingville,GrtKls_Evl,0,SI03,SI03 South Shore (CD 3 Approximation),67428.0398167,0.215479481512642,0.001153086701110,10.845965282563979
row-7avr.past~kv2k,rv-ie8y~9rid-qx9n,2025-11-24T21:27:53.701Z,2025-11-24T21:27:53.701Z,5,Staten Island,085,SI0303,Arden Heights-Rossville,ArdnHts,0,SI03,SI03 South Shore (CD 3 Approximation),38159.8607048,0.124463145419408,0.000669416959881,6.296333401772004
row-sx8y~zsrw-k3am,rv-byv5_wwkk.c46j,2025-11-24T21:27:53.701Z,2025-11-24T21:27:53.701Z,5,Staten Island,085,SI0304,Annadale-Huguenot-Prince's Bay-Woodrow,Anndl_Wdrw,0,SI03,SI03 South Shore (CD 3 Approximation),67585.202318,0.212586239149381,0.001781475228263,16.761989525581953
row-imgv.hg7d.ii8s,rv-g8ff.mwi9.4jvh,2025-11-24T21:27:53.701Z,2025-11-24T21:27:53.701Z,5,Staten Island,085,SI0305,Tottenville-Charleston,Tttnvl,0,SI03,SI03 South Shore (CD 3 Approximation),83178.7954811,0.258265348916392,0.001251649668161,11.777481442092636
row-w9rg_rxtr~8iw7,rv-cqza.g993~i6ip,2025-11-24T21:27:53.701Z,2025-11-24T21:27:53.701Z,5,Staten Island,085,SI0391,Freshkills Park (South),FrshklPK_S,9,SI03,SI03 South Shore (CD 3 Approximation),33945.4197532,0.108694107359726,0.000471830248592,4.436885394328973
row-veum_prjx_dygf,rv-3pmj.q2t3_es43,2025-11-24T21:27:53.701Z,2025-11-24T21:27:53.701Z,5,Staten Island,085,SI9561,Fort Wadsworth,FtWdswrth,6,SI95,SI95 Great Kills Park-Fort Wadsworth (JIA 95 Approximation),14814.4135523,0.046651300596233,0.000097530953202,0.916687086387860
row-fhjk.e97m_sp4n,rv-r2i5_h2v3.ax4a,2025-11-24T21:27:53.701Z,2025-11-24T21:27:53.701Z,5,Staten Island,085,SI9591,Hoffman & Swinburne Islands,HffmnIsl,9,SI95,SI95 Great Kills Park-Fort Wadsworth (JIA 95 Approximation),4743.12777694,0.014577987361215,0.000006281155319,0.059058143424279
row-jpnm-rihg_f3d3,rv-ma8m_vkbg_kum2,2025-11-24T21:27:53.701Z,2025-11-24T21:27:53.701Z,5,Staten Island,085,SI9592,Miller Field,MllrFld,9,SI95,SI95 Great Kills Park-Fort Wadsworth (JIA 95 Approximation),19197.2008558,0.062026554751159,0.000107359318813,1.009550351643331
row-uvun.5ri2-teat,rv-h3fc.8u8f~b8y3,2025-11-24T21:27:53.701Z,2025-11-24T21:27:53.701Z,5,Staten Island,085,SI9593,Great Kills Park,GrtKlsPk,9,SI95,SI95 Great Kills Park-Fort Wadsworth (JIA 95 Approximation),41465.4293799,0.132188263403659,0.000230893054402,2.171929318650026
